[0.0016 0.0021 0.0021 0.0016 0.0021 0.001  0.0016 0.0021 0.0021 0.0016],[0.011  0.012  0.011  0.0104 0.011  0.0104 0.0104 0.011  0.0115 0.011 ],[0.0219 0.0219 0.0219 0.0225 0.0225 0.0219 0.0225 0.0214 0.0214 0.0219],[0.0308 0.0298 0.0303 0.0303 0.0308 0.0303 0.0308 0.0308 0.0303 0.0303],[0.0413 0.0413 0.0418 0.0413 0.0407 0.0418 0.0407 0.0407 0.0413 0.0413],[0.0501 0.0496 0.0501 0.0496 0.0501 0.0501 0.0501 0.0501 0.0501 0.0496],[0.0622 0.0616 0.0616 0.0622 0.0627 0.0622 0.0622 0.0616 0.0616 0.0622],[0.0705 0.0705 0.0705 0.0705 0.0705 0.071  0.0716 0.0716 0.071  0.071 ],[0.082  0.082  0.0815 0.0815 0.082  0.082  0.081  0.082  0.0815 0.081 ],[0.0909 0.0898 0.0904 0.0904 0.0914 0.0898 0.0904 0.0898 0.0904 0.0898],[0.1008 0.1019 0.1019 0.1013 0.1024 0.1013 0.1013 0.1013 0.1024 0.1019],[0.1102 0.1107 0.1102 0.1097 0.1107 0.1102 0.1102 0.1107 0.1107 0.1097],[0.1212 0.1212 0.1217 0.1212 0.1212 0.1207 0.1212 0.1207 0.1207 0.1207],[0.1301 0.1301 0.1295 0.1301 0.1295 0.1306 0.1301 0.1301 0.1295 0.1301],[0.1421 0.1421 0.1416 0.1421 0.1421 0.1416 0.1416 0.1421 0.1421 0.1421],[0.1525 0.1525 0.1525 0.1525 0.1525 0.1525 0.1525 0.1525 0.1525 0.152 ],[0.1614 0.1614 0.1614 0.1614 0.1614 0.1614 0.1609 0.1614 0.1609 0.1609],[0.1719 0.1729 0.1724 0.1724 0.1719 0.1729 0.1724 0.1724 0.1724 0.1724],[0.1818 0.1813 0.1813 0.1813 0.1813 0.1818 0.1813 0.1813 0.1807 0.1813],[0.1917 0.1922 0.1922 0.1912 0.1922 0.1922 0.1917 0.1922 0.1917 0.1922],[0.2001 0.2011 0.2006 0.2011 0.2006 0.2011 0.2006 0.2011 0.2006 0.2006],[0.2131 0.2126 0.2131 0.2126 0.2126 0.2121 0.2131 0.2126 0.2126 0.2126],[0.222  0.2215 0.2215 0.2215 0.222  0.2215 0.2215 0.2215 0.2215 0.2215],[0.2325 0.2319 0.2319 0.2319 0.2319 0.2319 0.2319 0.2319 0.2319 0.2319],[0.2429 0.2424 0.2424 0.2429 0.2424 0.2424 0.2424 0.2429 0.2424 0.2424],[0.246  0.2471 0.2466 0.2466 0.2471 0.2471 0.2466 0.2471 0.2466 0.2466],[0.2554 0.2554 0.2554 0.2554 0.2554 0.2554 0.2554 0.2554 0.2554 0.2554],[0.268  0.2675 0.2669 0.2675 0.2675 0.2669 0.2675 0.2675 0.2675 0.268 ],[0.2763 0.2763 0.2769 0.2763 0.2763 0.2769 0.2763 0.2763 0.2763 0.2763],[0.2868 0.2868 0.2868 0.2868 0.2868 0.2873 0.2868 0.2868 0.2868 0.2868],[0.2988 0.2983 0.2983 0.2988 0.2983 0.2983 0.2978 0.2983 0.2983 0.2983],[0.3072 0.3072 0.3072 0.3072 0.3072 0.3072 0.3072 0.3072 0.3072 0.3072],[0.3176 0.3171 0.3176 0.3176 0.3171 0.3176 0.3176 0.3171 0.3171 0.3176],[0.3265 0.3265 0.326  0.3265 0.3265 0.326  0.326  0.326  0.326  0.3265],[0.338  0.3385 0.338  0.338  0.338  0.338  0.338  0.338  0.3385 0.3385],[0.3469 0.3474 0.3474 0.3469 0.3474 0.3469 0.3474 0.3474 0.3469 0.3469],[0.3578 0.3573 0.3573 0.3573 0.3578 0.3573 0.3578 0.3578 0.3573 0.3573],[0.3667 0.3667 0.3662 0.3667 0.3667 0.3662 0.3662 0.3667 0.3662 0.3667],[0.3777 0.3777 0.3777 0.3782 0.3777 0.3777 0.3777 0.3777 0.3782 0.3777],[0.3866 0.3866 0.3866 0.386  0.3866 0.386  0.3866 0.3866 0.3866 0.3866],[0.397  0.397  0.397  0.3975 0.3965 0.397  0.397  0.397  0.397  0.3975],[0.4059 0.4059 0.4059 0.4059 0.4059 0.4059 0.4059 0.4059 0.4059 0.4064],[0.4179 0.4179 0.4179 0.4179 0.4179 0.4184 0.4179 0.4179 0.4179 0.4179],[0.4283 0.4283 0.4283 0.4283 0.4283 0.4283 0.4283 0.4283 0.4283 0.4283],[0.4372 0.4377 0.4372 0.4372 0.4377 0.4372 0.4372 0.4377 0.4372 0.4372],[0.4492 0.4487 0.4487 0.4487 0.4482 0.4492 0.4492 0.4487 0.4487 0.4487],[0.4576 0.4571 0.4576 0.4571 0.4571 0.4571 0.4571 0.4576 0.4576 0.4571],[0.4675 0.4675 0.468  0.4675 0.4675 0.468  0.4675 0.4675 0.468  0.4675],[0.4769 0.4769 0.4774 0.4764 0.4769 0.4769 0.4764 0.4769 0.4769 0.4769],[0.4889 0.4884 0.4889 0.4889 0.4895 0.4889 0.4895 0.4889 0.4889 0.4889],[0.4978 0.4973 0.4973 0.4978 0.4978 0.4973 0.4973 0.4973 0.4978 0.4978],[0.5077 0.5077 0.5083 0.5088 0.5083 0.5083 0.5093 0.5083 0.5077 0.5083],[0.5177 0.5177 0.5171 0.5177 0.5171 0.5177 0.5166 0.5166 0.5171 0.5171],[0.5271 0.5276 0.5276 0.5271 0.5276 0.5276 0.5271 0.5276 0.5281 0.5271],[0.536  0.536  0.5365 0.5365 0.536  0.536  0.537  0.5365 0.5365 0.5365],[0.5469 0.5474 0.5469 0.5469 0.5469 0.5469 0.5464 0.5469 0.5469 0.5469],[0.5558 0.5553 0.5558 0.5558 0.5558 0.5558 0.5558 0.5553 0.5553 0.5553],[0.5678 0.5678 0.5678 0.5678 0.5673 0.5678 0.5673 0.5678 0.5678 0.5678],[0.5788 0.5783 0.5788 0.5788 0.5783 0.5788 0.5788 0.5783 0.5788 0.5783],[0.5871 0.5871 0.5877 0.5877 0.5871 0.5871 0.5871 0.5871 0.5871 0.5877],[0.5986 0.5981 0.5981 0.5981 0.5986 0.5981 0.5981 0.5981 0.5981 0.5976],[0.607  0.6075 0.607  0.6075 0.607  0.607  0.607  0.607  0.6065 0.607 ],[0.618  0.618  0.618  0.6174 0.618  0.618  0.6174 0.6185 0.618  0.618 ],[0.6268 0.6268 0.6263 0.6268 0.6268 0.6263 0.6263 0.6268 0.6268 0.6263],[0.6383 0.6383 0.6389 0.6383 0.6383 0.6389 0.6383 0.6383 0.6383 0.6389],[0.6477 0.6477 0.6477 0.6483 0.6472 0.6472 0.6477 0.6477 0.6472 0.6477],[0.6582 0.6577 0.6577 0.6582 0.6582 0.6577 0.6582 0.6582 0.6582 0.6582],[0.6665 0.6671 0.6665 0.6665 0.6671 0.6665 0.6665 0.6665 0.6671 0.6671],[0.6786 0.6775 0.678  0.678  0.6786 0.678  0.6775 0.678  0.678  0.678 ],[0.6869 0.6869 0.6869 0.6874 0.6869 0.6874 0.6869 0.6869 0.6869 0.6874],[0.6974 0.6979 0.6979 0.6974 0.6979 0.6974 0.6979 0.6974 0.6974 0.6974],[0.7099 0.7094 0.7099 0.7099 0.7089 0.7094 0.7099 0.7099 0.7094 0.7094],[0.7183 0.7188 0.7188 0.7183 0.7188 0.7183 0.7183 0.7183 0.7183 0.7188],[0.7292 0.7292 0.7287 0.7287 0.7287 0.7292 0.7287 0.7287 0.7292 0.7287],[0.7371 0.7376 0.7376 0.7376 0.7376 0.7376 0.7376 0.7371 0.7371 0.7376],[0.7486 0.7486 0.7486 0.7486 0.7491 0.7486 0.7486 0.7491 0.7486 0.7491],[0.758  0.758  0.758  0.7574 0.7574 0.758  0.758  0.758  0.758  0.7574],[0.7684 0.7684 0.7684 0.7679 0.7684 0.7679 0.7679 0.7684 0.7684 0.7684],[0.7778 0.7778 0.7773 0.7768 0.7773 0.7773 0.7773 0.7773 0.7773 0.7778],[0.7893 0.7893 0.7893 0.7893 0.7893 0.7893 0.7893 0.7888 0.7888 0.7898],[0.7977 0.7982 0.7982 0.7977 0.7982 0.7977 0.7977 0.7977 0.7977 0.7977],[0.8065 0.8071 0.8071 0.8071 0.806  0.8065 0.8065 0.8065 0.8065 0.8071],[0.8149 0.8154 0.8154 0.8154 0.8154 0.8154 0.8154 0.8154 0.8154 0.8154],[0.8274 0.8269 0.8269 0.8269 0.8269 0.8269 0.8269 0.8269 0.8274 0.8269],[0.8358 0.8358 0.8358 0.8358 0.8358 0.8358 0.8358 0.8358 0.8358 0.8358],[0.8468 0.8462 0.8462 0.8462 0.8468 0.8462 0.8462 0.8468 0.8462 0.8462],[0.8583 0.8588 0.8588 0.8588 0.8583 0.8583 0.8583 0.8583 0.8583 0.8583],[0.8677 0.8671 0.8671 0.8671 0.8671 0.8671 0.8671 0.8671 0.8671 0.8671],[0.8776 0.8771 0.8776 0.8781 0.8776 0.8776 0.8776 0.8776 0.8771 0.8776],[0.887  0.8859 0.8865 0.8859 0.8865 0.8865 0.8859 0.8865 0.8865 0.8865],[0.8974 0.8974 0.898  0.898  0.898  0.898  0.8974 0.898  0.898  0.8974],[0.9063 0.9063 0.9068 0.9068 0.9068 0.9063 0.9063 0.9068 0.9063 0.9068],[0.9173 0.9178 0.9173 0.9178 0.9178 0.9178 0.9168 0.9173 0.9173 0.9173],[0.9256 0.9262 0.9256 0.9262 0.9262 0.9262 0.9262 0.9262 0.9262 0.9262],[0.9382 0.9382 0.9377 0.9377 0.9382 0.9387 0.9382 0.9382 0.9382 0.9377],[0.9465 0.9471 0.9471 0.9471 0.9465 0.9465 0.9465 0.9471 0.9471 0.9471],[0.957  0.9575 0.9575 0.957  0.957  0.9565 0.9575 0.957  0.9575 0.9575],[0.9659 0.9664 0.9659 0.9659 0.9659 0.9659 0.9664 0.9664 0.9664 0.9659],[0.9779 0.9779 0.9779 0.9774 0.9774 0.9779 0.9774 0.9774 0.9774 0.9774],[0.9878 0.9878 0.9883 0.9883 0.9888 0.9878 0.9883 0.9883 0.9883 0.9883],[0.9972 0.9967 0.9967 0.9967 0.9967 0.9967 0.9967 0.9967 0.9972 0.9967],[1.0087 1.0092 1.0087 1.0092 1.0097 1.0092 1.0087 1.0092 1.0092 1.0087],[1.0176 1.0176 1.0176 1.0176 1.0176 1.0176 1.0176 1.0176 1.0176 1.0176],[1.0285 1.0275 1.0275 1.028  1.028  1.0285 1.028  1.028  1.0275 1.0275],[1.0374 1.0369 1.0369 1.0369 1.0369 1.0369 1.0374 1.0374 1.0374 1.0374],[1.0484 1.0484 1.0484 1.0484 1.0489 1.0484 1.0484 1.0484 1.0484 1.0484],[1.0573 1.0573 1.0573 1.0578 1.0573 1.0573 1.0573 1.0573 1.0578 1.0573],[1.0682 1.0682 1.0677 1.0682 1.0677 1.0677 1.0682 1.0677 1.0682 1.0677],[1.0771 1.0771 1.0771 1.0771 1.0771 1.0766 1.0766 1.0766 1.0771 1.0766],[1.0881 1.0876 1.0876 1.0876 1.0876 1.0876 1.0881 1.0876 1.0881 1.0876],[1.0965 1.0965 1.0965 1.0965 1.0959 1.0965 1.0965 1.0965 1.0965 1.0965],[1.1069 1.1074 1.1074 1.1069 1.1069 1.1074 1.1074 1.1074 1.1069 1.1074],[1.1158 1.1163 1.1158 1.1158 1.1158 1.1158 1.1158 1.1158 1.1163 1.1158],[1.1278 1.1278 1.1278 1.1273 1.1273 1.1273 1.1278 1.1273 1.1278 1.1278],[1.1382 1.1377 1.1377 1.1382 1.1377 1.1382 1.1377 1.1377 1.1377 1.1382],[1.1466 1.1466 1.1471 1.1471 1.1466 1.1471 1.1471 1.1471 1.1476 1.1466],[1.1581 1.1586 1.1581 1.1586 1.1586 1.1581 1.1586 1.1581 1.1586 1.1586],[1.167  1.167  1.1675 1.167  1.167  1.167  1.1675 1.1675 1.1675 1.167 ],[1.1779 1.1779 1.1779 1.1774 1.1779 1.1779 1.1779 1.1769 1.1785 1.1785],[1.1863 1.1868 1.1868 1.1868 1.1868 1.1868 1.1863 1.1863 1.1868 1.1868],[1.1978 1.1983 1.1978 1.1983 1.1983 1.1983 1.1978 1.1983 1.1978 1.1978],[1.2067 1.2072 1.2072 1.2067 1.2067 1.2072 1.2072 1.2077 1.2072 1.2072],[1.2176 1.2176 1.2176 1.2176 1.2176 1.2171 1.2176 1.2176 1.2176 1.2176],[1.226  1.2265 1.2265 1.2265 1.226  1.2265 1.2265 1.226  1.226  1.2265],[1.238  1.238  1.2375 1.2385 1.238  1.238  1.238  1.238  1.238  1.238 ],[1.2469 1.2474 1.2474 1.2469 1.2474 1.2464 1.2469 1.2469 1.2474 1.2469],[1.2573 1.2579 1.2573 1.2579 1.2573 1.2573 1.2573 1.2573 1.2579 1.2579],[1.2688 1.2694 1.2688 1.2694 1.2688 1.2688 1.2688 1.2694 1.2688 1.2688],[1.2782 1.2777 1.2777 1.2777 1.2777 1.2782 1.2777 1.2777 1.2777 1.2777],[1.2887 1.2887 1.2882 1.2882 1.2882 1.2887 1.2887 1.2882 1.2882 1.2887],[1.297  1.2976 1.297  1.297  1.297  1.297  1.297  1.2976 1.297  1.297 ],[1.3091 1.3085 1.3085 1.3085 1.3085 1.3085 1.3085 1.3091 1.3091 1.3091],[1.3174 1.3179 1.3179 1.3179 1.3185 1.3174 1.3179 1.3179 1.3174 1.3179],[1.3284 1.3284 1.3284 1.3284 1.3284 1.3284 1.3289 1.3284 1.3279 1.3284],[1.3367 1.3378 1.3373 1.3373 1.3373 1.3373 1.3373 1.3373 1.3373 1.3373],[1.3488 1.3488 1.3488 1.3488 1.3488 1.3488 1.3488 1.3482 1.3488 1.3488],[1.3576 1.3571 1.3576 1.3576 1.3582 1.3576 1.3576 1.3576 1.3576 1.3576],[1.3686 1.3686 1.3686 1.3676 1.3681 1.3681 1.3686 1.3686 1.3681 1.3681],[1.3728 1.3728 1.3728 1.3723 1.3723 1.3728 1.3728 1.3728 1.3728 1.3728],[1.3832 1.3838 1.3838 1.3832 1.3832 1.3832 1.3838 1.3832 1.3832 1.3838],[1.3921 1.3926 1.3921 1.3916 1.3921 1.3926 1.3921 1.3926 1.3921 1.3926],[1.4036 1.4036 1.4036 1.4036 1.4036 1.4036 1.4036 1.4036 1.4031 1.4036],[1.4141 1.4141 1.4141 1.4141 1.4146 1.4151 1.4146 1.4146 1.4146 1.4146],[1.4229 1.4229 1.424  1.4229 1.4229 1.4235 1.4235 1.4229 1.4229 1.4229],[1.4344 1.4355 1.435  1.435  1.4355 1.4355 1.435  1.4355 1.435  1.435 ],[1.4438 1.4438 1.4438 1.4438 1.4438 1.4438 1.4438 1.4438 1.4433 1.4428],[1.4543 1.4543 1.4543 1.4543 1.4543 1.4543 1.4548 1.4543 1.4543 1.4543],[1.4632 1.4632 1.4632 1.4637 1.4632 1.4632 1.4632 1.4632 1.4626 1.4637],[1.4747 1.4747 1.4741 1.4747 1.4747 1.4747 1.4741 1.4741 1.4741 1.4741],[1.4841 1.4835 1.483  1.4835 1.4835 1.4835 1.4835 1.4835 1.4835 1.4835],[1.494  1.4945 1.494  1.4935 1.494  1.494  1.494  1.4945 1.494  1.494 ],[1.5034 1.5029 1.5029 1.5029 1.5029 1.5029 1.5029 1.5029 1.5029 1.5034],[1.5149 1.5149 1.5149 1.5144 1.5144 1.5149 1.5149 1.5149 1.5149 1.5149],[1.5238 1.5232 1.5238 1.5238 1.5238 1.5238 1.5232 1.5238 1.5232 1.5238],[1.5337 1.5342 1.5342 1.5337 1.5342 1.5342 1.5342 1.5342 1.5342 1.5342],[1.5457 1.5457 1.5457 1.5452 1.5452 1.5452 1.5452 1.5457 1.5457 1.5457],[1.5546 1.5546 1.5541 1.5546 1.5546 1.5541 1.5546 1.5546 1.5546 1.5541],[1.565  1.565  1.565  1.5655 1.5645 1.5645 1.5655 1.565  1.565  1.565 ],[1.5744 1.5739 1.5739 1.5739 1.5739 1.5744 1.5739 1.5739 1.5734 1.5734],[1.5854 1.5854 1.5854 1.5854 1.5859 1.5854 1.5854 1.5854 1.5854 1.5854],[1.5943 1.5943 1.5948 1.5943 1.5943 1.5943 1.5943 1.5943 1.5938 1.5943],[1.6047 1.6047 1.6052 1.6047 1.6047 1.6047 1.6047 1.6047 1.6052 1.6047],[1.6136 1.6141 1.6141 1.6136 1.6136 1.6141 1.6136 1.6141 1.6136 1.6136],[1.6251 1.6256 1.6251 1.6251 1.6251 1.6251 1.6251 1.6256 1.6256 1.6256],[1.6345 1.634  1.6345 1.634  1.6345 1.634  1.634  1.634  1.6335 1.634 ],[1.6449 1.6449 1.6449 1.6449 1.6449 1.6449 1.6444 1.6449 1.6449 1.6449],[1.6538 1.6533 1.6533 1.6538 1.6533 1.6538 1.6538 1.6538 1.6538 1.6538],[1.6643 1.6648 1.6643 1.6638 1.6648 1.6648 1.6638 1.6648 1.6643 1.6643],[1.6737 1.6732 1.6737 1.6732 1.6732 1.6732 1.6732 1.6737 1.6732 1.6732],[1.6836 1.6836 1.6836 1.6836 1.6836 1.6831 1.6836 1.6836 1.6841 1.6841],[1.6951 1.6951 1.6951 1.6956 1.6951 1.6951 1.6951 1.6956 1.6951 1.6956],[1.704  1.704  1.704  1.704  1.704  1.704  1.7035 1.704  1.704  1.704 ],[1.7149 1.7149 1.7149 1.7149 1.7144 1.7144 1.7149 1.7144 1.7149 1.7144],[1.7233 1.7238 1.7238 1.7233 1.7233 1.7233 1.7233 1.7233 1.7238 1.7238],[1.7348 1.7348 1.7348 1.7353 1.7348 1.7353 1.7348 1.7353 1.7348 1.7348],[1.7442 1.7437 1.7442 1.7437 1.7442 1.7442 1.7442 1.7437 1.7437 1.7442],[1.7546 1.7536 1.7546 1.7541 1.7546 1.7546 1.7541 1.7541 1.7541 1.7546],[1.764  1.7635 1.7635 1.7635 1.7635 1.7635 1.7635 1.763  1.763  1.7635],[1.775  1.7745 1.7745 1.775  1.7745 1.7745 1.775  1.775  1.7745 1.7745],[1.7839 1.7834 1.7834 1.7834 1.7834 1.7834 1.7834 1.7839 1.7834 1.7834],[1.7933 1.7938 1.7938 1.7943 1.7943 1.7943 1.7938 1.7949 1.7943 1.7943],[1.8027 1.8027 1.8027 1.8027 1.8027 1.8032 1.8032 1.8027 1.8027 1.8022],[1.8152 1.8142 1.8142 1.8147 1.8147 1.8142 1.8142 1.8147 1.8142 1.8142],[1.8252 1.8246 1.8257 1.8252 1.8246 1.8246 1.8252 1.8252 1.8241 1.8252],[1.8335 1.8335 1.834  1.8335 1.8346 1.834  1.834  1.834  1.8335 1.8335],[1.8445 1.8445 1.845  1.845  1.8445 1.8445 1.845  1.8455 1.8455 1.845 ],[1.8539 1.8534 1.8539 1.8534 1.8539 1.8539 1.8539 1.8534 1.8534 1.8544],[1.8643 1.8643 1.8638 1.8633 1.8638 1.8638 1.8638 1.8638 1.8638 1.8643],[1.8722 1.8722 1.8722 1.8722 1.8722 1.8722 1.8727 1.8722 1.8727 1.8722],[1.8831 1.8842 1.8837 1.8837 1.8842 1.8837 1.8842 1.8842 1.8837 1.8842],[1.8926 1.8926 1.8931 1.8926 1.8926 1.892  1.8926 1.892  1.8931 1.892 ],[1.9025 1.9025 1.9025 1.9025 1.9025 1.903  1.9035 1.903  1.9025 1.9025],[1.9119 1.9108 1.9108 1.9114 1.9114 1.9114 1.9108 1.9119 1.9114 1.9114],[1.9223 1.9223 1.9223 1.9228 1.9228 1.9223 1.9223 1.9223 1.9228 1.9218],[1.9338 1.9343 1.9343 1.9343 1.9343 1.9343 1.9343 1.9343 1.9343 1.9349],[1.9443 1.9443 1.9448 1.9437 1.9443 1.9443 1.9443 1.9448 1.9448 1.9443],[1.9531 1.9531 1.9526 1.9531 1.9531 1.9526 1.9526 1.9531 1.9526 1.9531],[1.9636 1.9631 1.9636 1.9636 1.9631 1.9636 1.9636 1.9636 1.9636 1.9631],[1.9735 1.9735 1.9735 1.9735 1.9735 1.9735 1.974  1.9735 1.9735 1.9735],[1.9819 1.9819 1.9819 1.9814 1.9819 1.9819 1.9814 1.9819 1.9819 1.9819],[1.9928 1.9928 1.9934 1.9928 1.9928 1.9928 1.9928 1.9928 1.9928 1.9928],[2.0012 2.0007 2.0012 2.0012 2.0007 2.0007 2.0007 2.0007 2.0007 2.0007],[2.0106 2.0106 2.0106 2.0111 2.0101 2.0106 2.0106 2.0106 2.0101 2.0111],[2.019  2.0184 2.019  2.0184 2.0184 2.019  2.019  2.0184 2.0184 2.0184],[2.0289 2.0294 2.0294 2.0289 2.0294 2.0294 2.0294 2.0294 2.0289 2.0289],[2.0378 2.0378 2.0372 2.0378 2.0378 2.0378 2.0372 2.0372 2.0378 2.0378],[2.0472 2.0472 2.0472 2.0472 2.0477 2.0472 2.0472 2.0472 2.0472 2.0467],[2.055  2.0555 2.055  2.0555 2.0555 2.0555 2.0555 2.055  2.0555 2.0555],[2.0665 2.0665 2.0665 2.066  2.066  2.0665 2.0655 2.0665 2.066  2.0665],[2.0743 2.0743 2.0743 2.0743 2.0743 2.0743 2.0743 2.0743 2.0743 2.0749],[2.0843 2.0843 2.0837 2.0837 2.0843 2.0843 2.0843 2.0837 2.0837 2.0837],[2.0942 2.0942 2.0942 2.0942 2.0942 2.0947 2.0947 2.0942 2.0942 2.0947],[2.1025 2.1031 2.1025 2.1031 2.1025 2.1025 2.1025 2.1025 2.1025 2.1025],[2.1119 2.1119 2.1119 2.1119 2.1119 2.1119 2.1125 2.1114 2.1119 2.1125],[2.1203 2.1198 2.1203 2.1203 2.1203 2.1203 2.1203 2.1208 2.1203 2.1198],[2.1308 2.1308 2.1313 2.1308 2.1308 2.1308 2.1308 2.1308 2.1313 2.1308],[2.1391 2.1391 2.1386 2.1386 2.1391 2.1386 2.1386 2.1386 2.1386 2.1386],[2.1485 2.1485 2.148  2.148  2.1485 2.148  2.1485 2.1485 2.1485 2.149 ],[2.1563 2.1563 2.1569 2.1563 2.1563 2.1563 2.1563 2.1563 2.1569 2.1569],[2.1668 2.1668 2.1673 2.1668 2.1668 2.1668 2.1668 2.1668 2.1668 2.1668],[2.1752 2.1746 2.1746 2.1746 2.1752 2.1746 2.1746 2.1752 2.1752 2.1746],[2.1846 2.1846 2.1846 2.1846 2.1846 2.1846 2.184  2.1846 2.184  2.184 ],[2.1924 2.1924 2.1929 2.1924 2.1924 2.1924 2.1924 2.1924 2.1924 2.1924],[2.2018 2.2018 2.2023 2.2023 2.2018 2.2023 2.2023 2.2023 2.2018 2.2018],[2.2107 2.2107 2.2102 2.2102 2.2107 2.2102 2.2102 2.2107 2.2107 2.2102],[2.2201 2.2196 2.2201 2.2196 2.2196 2.2196 2.2196 2.2196 2.2196 2.2201],[2.23   2.23   2.23   2.2305 2.23   2.23   2.2305 2.23   2.23   2.23  ],[2.2384 2.2384 2.2384 2.2384 2.2378 2.2378 2.2384 2.2378 2.2378 2.2378],[2.2478 2.2478 2.2478 2.2478 2.2483 2.2478 2.2478 2.2478 2.2472 2.2472],[2.2556 2.2561 2.2556 2.2556 2.2556 2.2556 2.2556 2.2556 2.2561 2.2556],[2.266  2.2655 2.2666 2.266  2.266  2.266  2.2666 2.2666 2.266  2.266 ],[2.2739 2.2739 2.2739 2.2744 2.2739 2.2744 2.2744 2.2739 2.2744 2.2744],[2.2838 2.2833 2.2838 2.2833 2.2838 2.2833 2.2833 2.2838 2.2838 2.2833],[2.2911 2.2922 2.2916 2.2911 2.2916 2.2922 2.2922 2.2916 2.2916 2.2916],[2.3021 2.3016 2.3021 2.3021 2.3021 2.3021 2.3021 2.3026 2.3016 2.3021],[2.3104 2.3099 2.3099 2.3099 2.3099 2.3104 2.3099 2.3099 2.3099 2.3094],[2.3193 2.3193 2.3193 2.3193 2.3193 2.3199 2.3199 2.3193 2.3193 2.3199],[2.3266 2.3266 2.3272 2.3272 2.3272 2.3277 2.3277 2.3277 2.3272 2.3272],[2.3387 2.3387 2.3376 2.3381 2.3381 2.3381 2.3376 2.3376 2.3381 2.3376],[2.3475 2.3475 2.3475 2.3475 2.3475 2.3475 2.347  2.3475 2.3475 2.3475],[2.3559 2.3554 2.3549 2.3554 2.3554 2.3559 2.3554 2.3554 2.3559 2.3554],[2.3658 2.3653 2.3653 2.3658 2.3658 2.3653 2.3653 2.3653 2.3658 2.3658],[2.3737 2.3737 2.3742 2.3737 2.3737 2.3737 2.3742 2.3737 2.3742 2.3737],[2.3831 2.3831 2.3831 2.3836 2.3836 2.3831 2.3831 2.3836 2.3836 2.3831],[2.3909 2.3909 2.3909 2.3909 2.3904 2.3914 2.3909 2.3909 2.3914 2.3909],[2.4013 2.4019 2.4019 2.4013 2.4013 2.4013 2.4019 2.4013 2.4019 2.4019],[2.4092 2.4092 2.4092 2.4092 2.4097 2.4092 2.4097 2.4097 2.4097 2.4092],[2.4196 2.4191 2.4191 2.4196 2.4186 2.4191 2.4191 2.4191 2.4191 2.4191],[2.4269 2.4269 2.4269 2.4269 2.4269 2.4269 2.4269 2.4264 2.4269 2.4269],[2.4374 2.4374 2.4374 2.4374 2.4374 2.4374 2.4374 2.4374 2.4374 2.4374],[2.4452 2.4447 2.4452 2.4452 2.4447 2.4452 2.4452 2.4452 2.4452 2.4447],[2.4504 2.4504 2.451  2.451  2.451  2.451  2.451  2.451  2.4504 2.451 ],[2.4588 2.4588 2.4588 2.4588 2.4583 2.4588 2.4583 2.4583 2.4583 2.4588],[2.4682 2.4682 2.4687 2.4682 2.4682 2.4682 2.4682 2.4682 2.4682 2.4682],[2.4781 2.4781 2.4781 2.4787 2.4781 2.4781 2.4787 2.4787 2.4781 2.4787],[2.4865 2.486  2.486  2.4865 2.4865 2.486  2.4865 2.4865 2.4865 2.4865],[2.4954 2.4959 2.4954 2.4954 2.4954 2.4959 2.4959 2.4954 2.4959 2.4959],[2.5032 2.5032 2.5037 2.5037 2.5037 2.5037 2.5037 2.5037 2.5042 2.5037],[2.5142 2.5137 2.5142 2.5137 2.5137 2.5137 2.5137 2.5142 2.5137 2.5142],[2.522  2.522  2.522  2.522  2.522  2.522  2.522  2.5215 2.5215 2.522 ],[2.5314 2.5314 2.5319 2.5309 2.5314 2.5314 2.5314 2.5314 2.5314 2.5314],[2.5392 2.5392 2.5392 2.5392 2.5392 2.5392 2.5392 2.5392 2.5392 2.5392],[2.5492 2.5497 2.5497 2.5497 2.5497 2.5497 2.5497 2.5497 2.5502 2.5497],[2.5575 2.5575 2.5575 2.5575 2.557  2.5575 2.5575 2.557  2.5575 2.5575],[2.5669 2.5669 2.5669 2.5669 2.5669 2.5669 2.5669 2.5675 2.5669 2.5669],[2.5748 2.5748 2.5748 2.5742 2.5748 2.5748 2.5748 2.5753 2.5748 2.5748],[2.5852 2.5852 2.5852 2.5852 2.5852 2.5852 2.5852 2.5852 2.5852 2.5857],[2.5946 2.5946 2.5946 2.5951 2.5946 2.5951 2.5946 2.5946 2.5946 2.5946],[2.6025 2.6025 2.6025 2.603  2.6025 2.603  2.603  2.6025 2.6025 2.603 ],[2.6129 2.6129 2.6129 2.6134 2.6129 2.6124 2.6129 2.6134 2.6134 2.6124],[2.6207 2.6213 2.6213 2.6207 2.6207 2.6207 2.6202 2.6207 2.6207 2.6207],[2.6301 2.6301 2.6307 2.6301 2.6307 2.6301 2.6301 2.6307 2.6307 2.6307],[2.638  2.638  2.638  2.638  2.6385 2.638  2.6385 2.638  2.638  2.6385]
|[-0.00051 -0.00057 -0.00051 -0.00062 -0.00046 -0.00062 -0.00051 -0.00067
 -0.00051 -0.00057]|,|[-0.00051 -0.00062 -0.00051 -0.00046 -0.00051 -0.00051 -0.00051 -0.00057
 -0.00051 -0.00051]|,|[-0.00051 -0.00057 -0.00057 -0.00051 -0.00062 -0.00046 -0.00051 -0.00051
 -0.00057 -0.00062]|,|[-0.00072 -0.00051 -0.00062 -0.00062 -0.00062 -0.00051 -0.00051 -0.00051
 -0.00057 -0.00057]|,|[-0.00067 -0.00062 -0.00067 -0.00057 -0.00046 -0.00057 -0.00067 -0.00057
 -0.00051 -0.00051]|,|[-0.00062 -0.00057 -0.00057 -0.00046 -0.00057 -0.00057 -0.00046 -0.00057
 -0.00057 -0.00051]|,|[-0.00062 -0.00067 -0.00057 -0.00057 -0.00062 -0.00057 -0.00051 -0.00062
 -0.00046 -0.00057]|,|[-0.00057 -0.00062 -0.00051 -0.00051 -0.00062 -0.00057 -0.00057 -0.00067
 -0.00062 -0.00062]|,|[-0.00057 -0.00046 -0.00057 -0.00062 -0.00057 -0.00051 -0.00051 -0.00057
 -0.00046 -0.00077]|,|[-0.00051 -0.00062 -0.00057 -0.00057 -0.00067 -0.00051 -0.00067 -0.00057
 -0.00062 -0.00062]|,|[-0.00057 -0.00062 -0.00057 -0.00057 -0.00062 -0.00057 -0.00051 -0.00057
 -0.00051 -0.00051]|,|[-0.00067 -0.00062 -0.00051 -0.00057 -0.00057 -0.00051 -0.00057 -0.00067
 -0.00057 -0.00051]|,|[-0.00041 -0.00062 -0.00062 -0.00057 -0.00057 -0.00072 -0.00051 -0.00062
 -0.00062 -0.00062]|,|[-0.00057 -0.00057 -0.00057 -0.00062 -0.00062 -0.00067 -0.00057 -0.00057
 -0.00051 -0.00051]|,|[-0.00057 -0.00067 -0.00067 -0.00062 -0.00067 -0.00062 -0.00072 -0.00062
 -0.00057 -0.00057]|,|[-0.00057 -0.00062 -0.00057 -0.00062 -0.00057 -0.00062 -0.00062 -0.00062
 -0.00062 -0.00062]|,|[-0.00057 -0.00057 -0.00057 -0.00057 -0.00057 -0.00051 -0.00057 -0.00051
 -0.00062 -0.00067]|,|[-0.00051 -0.00062 -0.00057 -0.00057 -0.00057 -0.00062 -0.00046 -0.00057
 -0.00062 -0.00057]|,|[-0.00062 -0.00062 -0.00057 -0.00062 -0.00057 -0.00062 -0.00057 -0.00057
 -0.00051 -0.00062]|,|[-0.00062 -0.00046 -0.00057 -0.00051 -0.00046 -0.00067 -0.00051 -0.00051
 -0.00062 -0.00062]|,|[-0.00062 -0.00067 -0.00057 -0.00062 -0.00057 -0.00051 -0.00062 -0.00057
 -0.00051 -0.00057]|,|[-0.00062 -0.00057 -0.00057 -0.00051 -0.00057 -0.00057 -0.00051 -0.00057
 -0.00057 -0.00062]|,|[-0.00062 -0.00067 -0.00098 -0.00057 -0.00057 -0.00051 -0.00062 -0.00072
 -0.00062 -0.00051]|,|[-0.00051 -0.00057 -0.00057 -0.00057 -0.00057 -0.00051 -0.00062 -0.00057
 -0.00057 -0.00067]|,|[-0.00057 -0.00057 -0.00051 -0.00051 -0.00067 -0.00057 -0.00057 -0.00057
 -0.00057 -0.00046]|,|[-0.00057 -0.00057 -0.00062 -0.00062 -0.00057 -0.00051 -0.00051 -0.00057
 -0.00057 -0.00051]|,|[-0.00051 -0.00051 -0.00067 -0.00041 -0.00057 -0.00062 -0.00067 -0.00057
 -0.00062 -0.00057]|,|[-0.00051 -0.00057 -0.00062 -0.00057 -0.00046 -0.00051 -0.00051 -0.00057
 -0.00062 -0.00062]|,|[-0.00067 -0.00051 -0.00046 -0.00067 -0.00062 -0.00051 -0.00051 -0.00046
 -0.00057 -0.00062]|,|[-0.00051 -0.00057 -0.00062 -0.00051 -0.00067 -0.00067 -0.00051 -0.00057
 -0.00057 -0.00062]|,|[-0.00051 -0.00051 -0.00046 -0.00072 -0.00062 -0.00051 -0.00057 -0.00051
 -0.00062 -0.00051]|,|[-0.00051 -0.00046 -0.00057 -0.00057 -0.00062 -0.00062 -0.00057 -0.00062
 -0.00057 -0.00067]|,|[-0.00067 -0.00057 -0.00062 -0.00062 -0.00057 -0.00062 -0.00057 -0.00062
 -0.00062 -0.00062]|,|[-0.00057 -0.00057 -0.00062 -0.00057 -0.00062 -0.00062 -0.00067 -0.00057
 -0.00057 -0.00051]|,|[-0.00072 -0.00057 -0.00041 -0.00067 -0.00057 -0.00077 -0.00067 -0.00051
 -0.00057 -0.00057]|,|[-0.00057 -0.00062 -0.00057 -0.00057 -0.00057 -0.00067 -0.00062 -0.00062
 -0.00062 -0.00067]|,|[-0.00067 -0.00057 -0.00057 -0.00062 -0.00051 -0.00051 -0.00077 -0.00057
 -0.00067 -0.00057]|,|[-0.00057 -0.00062 -0.00062 -0.00057 -0.00062 -0.00057 -0.00057 -0.00057
 -0.00067 -0.00057]|,|[-0.00067 -0.00057 -0.00057 -0.00067 -0.00062 -0.00067 -0.00057 -0.00062
 -0.00057 -0.00072]|,|[-0.00067 -0.00051 -0.00062 -0.00057 -0.00062 -0.00067 -0.00057 -0.00057
 -0.00062 -0.00057]|,|[-0.00062 -0.00057 -0.00062 -0.00067 -0.00067 -0.00057 -0.00067 -0.00062
 -0.00057 -0.00062]|,|[-0.00051 -0.00051 -0.00062 -0.00057 -0.00057 -0.00057 -0.00067 -0.00057
 -0.00062 -0.00062]|,|[-0.00057 -0.00051 -0.00057 -0.00062 -0.00062 -0.00057 -0.00062 -0.00051
 -0.00051 -0.00051]|,|[-0.00062 -0.00057 -0.00062 -0.00057 -0.00057 -0.00062 -0.00057 -0.00067
 -0.00057 -0.00062]|,|[-0.00072 -0.00051 -0.00062 -0.00077 -0.00057 -0.00057 -0.00057 -0.00062
 -0.00062 -0.00067]|,|[-0.00057 -0.00057 -0.00057 -0.00057 -0.00057 -0.00082 -0.00057 -0.00057
 -0.00057 -0.00062]|,|[-0.00062 -0.00067 -0.00046 -0.00057 -0.00062 -0.00051 -0.00057 -0.00051
 -0.00051 -0.00062]|,|[-0.00057 -0.00051 -0.00067 -0.00051 -0.00051 -0.00057 -0.00051 -0.00051
 -0.00067 -0.00046]|,|[-0.00062 -0.00062 -0.00051 -0.00057 -0.00051 -0.00057 -0.00057 -0.00057
 -0.00057 -0.00057]|,|[-0.00062 -0.00067 -0.00057 -0.00051 -0.00051 -0.00051 -0.00057 -0.00057
 -0.00051 -0.00051]|,|[-0.00067 -0.00057 -0.00051 -0.00051 -0.00067 -0.00062 -0.00046 -0.00057
 -0.00051 -0.00046]|,|[-0.00072 -0.00067 -0.00046 -0.00067 -0.00036 -0.00051 -0.00067 -0.00067
 -0.00051 -0.00062]|,|[-0.00057 -0.00051 -0.00062 -0.00062 -0.00057 -0.00057 -0.00057 -0.00057
 -0.00046 -0.00057]|,|[-0.00062 -0.00067 -0.00062 -0.00062 -0.00062 -0.00057 -0.00062 -0.00057
 -0.00051 -0.00057]|,|[-0.00057 -0.00072 -0.00057 -0.00057 -0.00067 -0.00046 -0.00051 -0.00067
 -0.00051 -0.00062]|,|[-0.00041 -0.00057 -0.00051 -0.00062 -0.00072 -0.00051 -0.00062 -0.00062
 -0.00057 -0.00051]|,|[-0.00057 -0.00051 -0.00067 -0.00057 -0.00067 -0.00057 -0.00062 -0.00067
 -0.00062 -0.00057]|,|[-0.00062 -0.00036 -0.00057 -0.00062 -0.00051 -0.00062 -0.00062 -0.00051
 -0.00067 -0.00067]|,|[-0.00057 -0.00057 -0.00062 -0.00057 -0.00062 -0.00057 -0.00057 -0.00051
 -0.00062 -0.00062]|,|[-0.00051 -0.00057 -0.00062 -0.00057 -0.00062 -0.00057 -0.00067 -0.00057
 -0.00046 -0.00062]|,|[-0.00062 -0.00057 -0.00062 -0.00067 -0.00057 -0.00062 -0.00062 -0.00062
 -0.00072 -0.00051]|,|[-0.00062 -0.00057 -0.00057 -0.00062 -0.00062 -0.00062 -0.00057 -0.00072
 -0.00057 -0.00057]|,|[-0.00057 -0.00062 -0.00077 -0.00057 -0.00062 -0.00057 -0.00062 -0.00057
 -0.00067 -0.00057]|,|[-0.00057 -0.00057 -0.00062 -0.00057 -0.00057 -0.00062 -0.00067 -0.00062
 -0.00062 -0.00077]|,|[-0.00067 -0.00046 -0.00057 -0.00072 -0.00057 -0.00057 -0.00057 -0.00051
 -0.00062 -0.00057]|,|[-0.00057 -0.00051 -0.00057 -0.00051 -0.00057 -0.00057 -0.00051 -0.00062
 -0.00067 -0.00057]|,|[-0.00057 -0.00057 -0.00067 -0.00057 -0.00057 -0.00057 -0.00062 -0.00062
 -0.00057 -0.00062]|,|[-0.00051 -0.00062 -0.00067 -0.00051 -0.00062 -0.00067 -0.00057 -0.00062
 -0.00057 -0.00051]|,|[-0.00057 -0.00057 -0.00057 -0.00057 -0.00062 -0.00057 -0.00062 -0.00057
 -0.00062 -0.00051]|,|[-0.00057 -0.00057 -0.00062 -0.00051 -0.00051 -0.00046 -0.00067 -0.00057
 -0.00062 -0.00057]|,|[-0.00057 -0.00062 -0.00057 -0.00067 -0.00057 -0.00067 -0.00062 -0.00051
 -0.00057 -0.00062]|,|[-0.00057 -0.00057 -0.00051 -0.00062 -0.00062 -0.00057 -0.00072 -0.00062
 -0.00051 -0.00072]|,|[-0.00062 -0.00057 -0.00051 -0.00057 -0.00062 -0.00057 -0.00067 -0.00062
 -0.00057 -0.00057]|,|[-0.00062 -0.00057 -0.00062 -0.00057 -0.00051 -0.00067 -0.00057 -0.00062
 -0.00046 -0.00067]|,|[-0.00062 -0.00051 -0.00057 -0.00057 -0.00057 -0.00057 -0.00057 -0.00051
 -0.00057 -0.00057]|,|[-0.00062 -0.00067 -0.00051 -0.00051 -0.00057 -0.00046 -0.00062 -0.00057
 -0.00057 -0.00057]|,|[-0.00062 -0.00067 -0.00057 -0.00067 -0.00051 -0.00057 -0.00062 -0.00057
 -0.00062 -0.00057]|,|[-0.00062 -0.00051 -0.00062 -0.00057 -0.00057 -0.00057 -0.00057 -0.00057
 -0.00062 -0.00077]|,|[-0.00057 -0.00057 -0.00062 -0.00051 -0.00062 -0.00062 -0.00057 -0.00057
 -0.00051 -0.00062]|,|[-0.00057 -0.00051 -0.00057 -0.00051 -0.00067 -0.00051 -0.00057 -0.00062
 -0.00051 -0.00051]|,|[-0.00051 -0.00057 -0.00067 -0.00051 -0.00062 -0.00057 -0.00057 -0.00062
 -0.00062 -0.00062]|,|[-0.00062 -0.00051 -0.00062 -0.00062 -0.00057 -0.00067 -0.00046 -0.00051
 -0.00057 -0.00062]|,|[-0.00036 -0.00046 -0.00057 -0.00057 -0.00062 -0.00051 -0.00062 -0.00051
 -0.00051 -0.00062]|,|[-0.00057 -0.00072 -0.00051 -0.00057 -0.00057 -0.00057 -0.00077 -0.00062
 -0.00062 -0.00051]|,|[-0.00051 -0.00057 -0.00062 -0.00062 -0.00057 -0.00057 -0.00062 -0.00051
 -0.00062 -0.00077]|,|[-0.00057 -0.00057 -0.00051 -0.00062 -0.00062 -0.00057 -0.00057 -0.00062
 -0.00067 -0.00057]|,|[-0.00046 -0.00057 -0.00057 -0.00051 -0.00067 -0.00062 -0.00057 -0.00057
 -0.00051 -0.00046]|,|[-0.00067 -0.00057 -0.00067 -0.00067 -0.00062 -0.00062 -0.00062 -0.00051
 -0.00062 -0.00062]|,|[-0.00062 -0.00062 -0.00051 -0.00062 -0.00051 -0.00041 -0.00057 -0.00046
 -0.00041 -0.00057]|,|[-0.00062 -0.00067 -0.00051 -0.00062 -0.00046 -0.00046 -0.00057 -0.00057
 -0.00062 -0.00051]|,|[-0.00057 -0.00067 -0.00057 -0.00051 -0.00051 -0.00067 -0.00062 -0.00051
 -0.00057 -0.00062]|,|[-0.00062 -0.00062 -0.00046 -0.00046 -0.00057 -0.00062 -0.00057 -0.00057
 -0.00051 -0.00051]|,|[-0.00057 -0.00051 -0.00062 -0.00046 -0.00057 -0.00062 -0.00046 -0.00062
 -0.00051 -0.00046]|,|[-0.00057 -0.00062 -0.00062 -0.00051 -0.00067 -0.00057 -0.00051 -0.00067
 -0.00057 -0.00051]|,|[-0.00062 -0.00046 -0.00046 -0.00062 -0.00046 -0.00057 -0.00057 -0.00057
 -0.00051 -0.00046]|,|[-0.00057 -0.00051 -0.00051 -0.00057 -0.00051 -0.00051 -0.00062 -0.00057
 -0.00057 -0.00051]|,|[-0.00057 -0.00046 -0.00051 -0.00057 -0.00046 -0.00051 -0.00062 -0.00046
 -0.00051 -0.00057]|,|[-0.00057 -0.00062 -0.00067 -0.00051 -0.00051 -0.00062 -0.00051 -0.00051
 -0.00057 -0.00057]|,|[-0.00051 -0.00057 -0.00072 -0.00046 -0.00057 -0.00057 -0.00046 -0.00057
 -0.00057 -0.00051]|,|[-0.00051 -0.00046 -0.00062 -0.00046 -0.00057 -0.00057 -0.00057 -0.00041
 -0.00046 -0.00062]|,|[-0.00051 -0.00057 -0.00051 -0.00051 -0.00057 -0.00041 -0.00057 -0.00051
 -0.00057 -0.00057]|,|[-0.00057 -0.00046 -0.00057 -0.00057 -0.00051 -0.00062 -0.00051 -0.00057
 -0.00062 -0.00057]|,|[-0.00046 -0.00067 -0.00067 -0.00051 -0.00062 -0.00051 -0.00051 -0.00057
 -0.00057 -0.00046]|,|[-0.00057 -0.00051 -0.00057 -0.00057 -0.00067 -0.00051 -0.00057 -0.00057
 -0.00062 -0.00051]|,|[-0.00057 -0.00046 -0.00057 -0.00051 -0.00051 -0.00057 -0.00077 -0.00051
 -0.00062 -0.00046]|,|[-0.00051 -0.00057 -0.00051 -0.00057 -0.00057 -0.00046 -0.00062 -0.00057
 -0.00057 -0.00051]|,|[-0.00062 -0.00062 -0.00057 -0.00051 -0.00046 -0.00057 -0.00062 -0.00057
 -0.00051 -0.00051]|,|[-0.00057 -0.00051 -0.00051 -0.00051 -0.00046 -0.00062 -0.00046 -0.00051
 -0.00051 -0.00062]|,|[-0.00062 -0.00046 -0.00046 -0.00062 -0.00046 -0.00057 -0.00057 -0.00051
 -0.00051 -0.00051]|,|[-0.00051 -0.00062 -0.00062 -0.00062 -0.00062 -0.00057 -0.00046 -0.00046
 -0.00067 -0.00051]|,|[-0.00051 -0.00046 -0.00062 -0.00057 -0.00051 -0.00051 -0.00021 -0.00051
 -0.00057 -0.00051]|,|[-0.00051 -0.00051 -0.00051 -0.00046 -0.00051 -0.00057 -0.00046 -0.00046
 -0.00057 -0.00051]|,|[-0.00057 -0.00046 -0.00051 -0.00057 -0.00051 -0.00036 -0.00057 -0.00057
 -0.00051 -0.00057]|,|[-0.00051 -0.00046 -0.00051 -0.00051 -0.00051 -0.00062 -0.00051 -0.00051
 -0.00057 -0.00062]|,|[-0.00046 -0.00051 -0.00051 -0.00051 -0.00051 -0.00057 -0.00051 -0.00062
 -0.00057 -0.00051]|,|[-0.00046 -0.00041 -0.00051 -0.00057 -0.00057 -0.00062 -0.00051 -0.00057
 -0.00057 -0.00051]|,|[-0.00062 -0.00051 -0.00051 -0.00062 -0.00062 -0.00051 -0.00057 -0.00062
 -0.00057 -0.00051]|,|[-0.00062 -0.00057 -0.00057 -0.00062 -0.00051 -0.00046 -0.00067 -0.00057
 -0.00051 -0.00062]|,|[-0.00057 -0.00067 -0.00057 -0.00051 -0.00057 -0.00062 -0.00062 -0.00057
 -0.00057 -0.00051]|,|[-0.00062 -0.00062 -0.00046 -0.00062 -0.00062 -0.00051 -0.00051 -0.00057
 -0.00051 -0.00057]|,|[-0.00057 -0.00072 -0.00051 -0.00051 -0.00062 -0.00051 -0.00057 -0.00057
 -0.00046 -0.00057]|,|[-0.00057 -0.00046 -0.00046 -0.00046 -0.00051 -0.00046 -0.00057 -0.00062
 -0.00057 -0.00046]|,|[-0.00062 -0.00057 -0.00057 -0.00057 -0.00057 -0.00046 -0.00046 -0.00057
 -0.00057 -0.00057]|,|[-0.00057 -0.00051 -0.00051 -0.00046 -0.00062 -0.00057 -0.00046 -0.00046
 -0.00046 -0.00046]|,|[-0.00041 -0.00057 -0.00067 -0.00046 -0.00057 -0.00051 -0.00051 -0.00051
 -0.00062 -0.00057]|,|[-0.00062 -0.00057 -0.00051 -0.00041 -0.00046 -0.00057 -0.00046 -0.00051
 -0.00062 -0.00062]|,|[-0.00051 -0.00057 -0.00057 -0.00051 -0.00057 -0.00051 -0.00057 -0.00046
 -0.00057 -0.00051]|,|[-0.00051 -0.00057 -0.00057 -0.00051 -0.00057 -0.00041 -0.00057 -0.00051
 -0.00057 -0.00057]|,|[-0.00057 -0.00031 -0.00057 -0.00057 -0.00057 -0.00051 -0.00057 -0.00051
 -0.00057 -0.00051]|,|[-0.00057 -0.00051 -0.00051 -0.00057 -0.00046 -0.00072 -0.00057 -0.00046
 -0.00057 -0.00051]|,|[-0.00051 -0.00046 -0.00051 -0.00057 -0.00057 -0.00057 -0.00057 -0.00051
 -0.00062 -0.00041]|,|[-0.00046 -0.00051 -0.00057 -0.00051 -0.00067 -0.00057 -0.00046 -0.00057
 -0.00051 -0.00046]|,|[-0.00062 -0.00046 -0.00057 -0.00057 -0.00046 -0.00051 -0.00046 -0.00051
 -0.00051 -0.00036]|,|[-0.00057 -0.00062 -0.00057 -0.00062 -0.00057 -0.00057 -0.00057 -0.00057
 -0.00051 -0.00051]|,|[-0.00057 -0.00057 -0.00051 -0.00051 -0.00057 -0.00046 -0.00057 -0.00057
 -0.00051 -0.00057]|,|[-0.00062 -0.00072 -0.00051 -0.00057 -0.00057 -0.00062 -0.00057 -0.00051
 -0.00057 -0.00051]|,|[-0.00051 -0.00057 -0.00057 -0.00046 -0.00057 -0.00051 -0.00062 -0.00057
 -0.00067 -0.00046]|,|[-0.00051 -0.00062 -0.00051 -0.00057 -0.00057 -0.00051 -0.00051 -0.00051
 -0.00057 -0.00046]|,|[-0.00057 -0.00067 -0.00057 -0.00057 -0.00051 -0.00057 -0.00062 -0.00062
 -0.00057 -0.00057]|,|[-0.00062 -0.00057 -0.00051 -0.00046 -0.00067 -0.00067 -0.00051 -0.00062
 -0.00057 -0.00046]|,|[-0.00057 -0.00062 -0.00046 -0.00057 -0.00046 -0.00057 -0.00062 -0.00057
 -0.00051 -0.00051]|,|[-0.00051 -0.00051 -0.00057 -0.00057 -0.00051 -0.00062 -0.00046 -0.00057
 -0.00062 -0.00051]|,|[-0.00057 -0.00062 -0.00046 -0.00057 -0.00062 -0.00046 -0.00057 -0.00051
 -0.00057 -0.00062]|,|[-0.00057 -0.00057 -0.00057 -0.00051 -0.00057 -0.00041 -0.00051 -0.00057
 -0.00062 -0.00057]|,|[-0.00057 -0.00051 -0.00062 -0.00051 -0.00051 -0.00051 -0.00057 -0.00051
 -0.00057 -0.00057]|,|[-0.00046 -0.00057 -0.00062 -0.00041 -0.00057 -0.00057 -0.00051 -0.00057
 -0.00062 -0.00051]|,|[-0.00062 -0.00057 -0.00051 -0.00072 -0.00051 -0.00046 -0.00051 -0.00046
 -0.00057 -0.00057]|,|[-0.00057 -0.00046 -0.00057 -0.00057 -0.00057 -0.00067 -0.00051 -0.00051
 -0.00062 -0.00057]|,|[-0.00057 -0.00057 -0.00057 -0.00062 -0.00041 -0.00057 -0.00057 -0.00057
 -0.00051 -0.00067]|,|[-0.00051 -0.00062 -0.00051 -0.00051 -0.00062 -0.00057 -0.00062 -0.00057
 -0.00062 -0.00051]|,|[-0.00057 -0.00057 -0.00062 -0.00051 -0.00051 -0.00077 -0.00041 -0.00057
 -0.00062 -0.00062]|,|[-0.00051 -0.00057 -0.00062 -0.00051 -0.00057 -0.00057 -0.00046 -0.00051
 -0.00051 -0.00057]|,|[-0.00067 -0.00057 -0.00057 -0.00062 -0.00057 -0.00057 -0.00057 -0.00051
 -0.00051 -0.00057]|,|[-0.00062 -0.00062 -0.00051 -0.00051 -0.00057 -0.00051 -0.00057 -0.00062
 -0.00051 -0.00067]|,|[-0.00062 -0.00057 -0.00057 -0.00057 -0.00051 -0.00077 -0.00062 -0.00051
 -0.00051 -0.00067]|,|[-0.00046 -0.00062 -0.00062 -0.00051 -0.00057 -0.00051 -0.00062 -0.00057
 -0.00057 -0.00067]|,|[-0.00051 -0.00051 -0.00067 -0.00051 -0.00057 -0.00062 -0.00046 -0.00057
 -0.00046 -0.00051]|,|[-0.00051 -0.00057 -0.00057 -0.00046 -0.00051 -0.00062 -0.00051 -0.00057
 -0.00057 -0.00021]|,|[-0.00067 -0.00062 -0.00067 -0.00051 -0.00051 -0.00057 -0.00051 -0.00057
 -0.00051 -0.00051]|,|[-0.00051 -0.00051 -0.00062 -0.00057 -0.00051 -0.00062 -0.00067 -0.00051
 -0.00062 -0.00057]|,|[-0.00046 -0.00057 -0.00057 -0.00051 -0.00062 -0.00051 -0.00051 -0.00057
 -0.00057 -0.00062]|,|[-0.00062 -0.00062 -0.00046 -0.00057 -0.00062 -0.00051 -0.00062 -0.00067
 -0.00046 -0.00057]|,|[-0.00057 -0.00057 -0.00062 -0.00062 -0.00046 -0.00062 -0.00051 -0.00051
 -0.00057 -0.00057]|,|[-0.00062 -0.00062 -0.00057 -0.00057 -0.00062 -0.00046 -0.00057 -0.00062
 -0.00057 -0.00051]|,|[-0.00057 -0.00057 -0.00057 -0.00051 -0.00062 -0.00067 -0.00057 -0.00051
 -0.00057 -0.00057]|,|[-0.00051 -0.00051 -0.00046 -0.00062 -0.00051 -0.00062 -0.00057 -0.00051
 -0.00067 -0.00057]|,|[-0.00062 -0.00051 -0.00051 -0.00057 -0.00051 -0.00077 -0.00057 -0.00057
 -0.00051 -0.00051]|,|[-0.00062 -0.00057 -0.00062 -0.00057 -0.00051 -0.00067 -0.00057 -0.00062
 -0.00067 -0.00051]|,|[-0.00062 -0.00057 -0.00057 -0.00057 -0.00057 -0.00046 -0.00046 -0.00057
 -0.00057 -0.00051]|,|[-0.00051 -0.00051 -0.00057 -0.00051 -0.00051 -0.00057 -0.00051 -0.00051
 -0.00057 -0.00062]|,|[-0.00051 -0.00062 -0.00062 -0.00046 -0.00062 -0.00051 -0.00051 -0.00057
 -0.00067 -0.00051]|,|[-0.00062 -0.00057 -0.00046 -0.00057 -0.00051 -0.00051 -0.00057 -0.00067
 -0.00062 -0.00051]|,|[-0.00057 -0.00051 -0.00057 -0.00062 -0.00057 -0.00057 -0.00057 -0.00051
 -0.00062 -0.00051]|,|[-0.00051 -0.00051 -0.00051 -0.00051 -0.00046 -0.00046 -0.00062 -0.00051
 -0.00057 -0.00057]|,|[-0.00046 -0.00051 -0.00057 -0.00041 -0.00057 -0.00051 -0.00046 -0.00051
 -0.00046 -0.00051]|,|[-0.00046 -0.00057 -0.00046 -0.00041 -0.00062 -0.00057 -0.00046 -0.00051
 -0.00041 -0.00046]|,|[-0.00051 -0.00046 -0.00046 -0.00041 -0.00041 -0.00046 -0.00046 -0.00057
 -0.00041 -0.00046]|,|[-0.00041 -0.00057 -0.00046 -0.00041 -0.00051 -0.00041 -0.00041 -0.00046
 -0.00046 -0.00046]|,|[-0.00036 -0.00041 -0.00041 -0.00046 -0.00041 -0.00046 -0.00046 -0.00046
 -0.00041 -0.00041]|,|[-0.00041 -0.00026 -0.00041 -0.00036 -0.00051 -0.00046 -0.00031 -0.00036
 -0.00046 -0.00041]|,|[-0.00031 -0.00026 -0.00031 -0.00046 -0.00021 -0.00041 -0.00031 -0.00026
 -0.00036 -0.00036]|,|[-2.1e-04 -2.1e-04 -3.6e-04 -2.1e-04 -3.1e-04 -4.6e-04 -2.6e-04 -2.6e-04
 -2.6e-04 -5.0e-05]|,|[-0.00026 -0.00021 -0.00015 -0.0001  -0.00021 -0.00026 -0.00026 -0.00021
 -0.00015 -0.00015]|,|[-1.5e-04 -1.0e-04  0.0e+00 -5.0e-05 -1.0e-04 -5.0e-05 -2.1e-04 -1.5e-04
 -2.1e-04  5.0e-05]|,|[-5.e-05 -5.e-05  5.e-05 -5.e-05 -5.e-05 -5.e-05 -1.e-04  0.e+00  5.e-05
 -5.e-05]|,|[0.00015 0.00026 0.0001  0.0001  0.0001  0.0001  0.00015 0.00021 0.00021
 0.0001 ]|,|[0.00036 0.00036 0.00015 0.00041 0.00041 0.00021 0.00031 0.00031 0.00026
 0.00021]|,|[0.00046 0.00041 0.00046 0.00051 0.00046 0.00041 0.00041 0.00041 0.00046
 0.00051]|,|[0.00057 0.00062 0.00067 0.00051 0.00062 0.00057 0.00051 0.00067 0.00067
 0.00046]|,|[0.00093 0.00077 0.00087 0.00077 0.00093 0.00082 0.00093 0.00087 0.00087
 0.00087]|,|[0.00103 0.00108 0.00108 0.00108 0.00098 0.00118 0.00103 0.00108 0.00103
 0.00113]|,|[0.00139 0.00139 0.00134 0.00139 0.00134 0.00129 0.00144 0.00124 0.00129
 0.00139]|,|[0.00149 0.0016  0.0016  0.00149 0.00149 0.0016  0.00154 0.00154 0.00149
 0.0016 ]|,|[0.00196 0.00201 0.00185 0.00185 0.00196 0.00185 0.00185 0.0019  0.00201
 0.0019 ]|,|[0.00237 0.00226 0.00242 0.00232 0.00232 0.00242 0.00237 0.00247 0.00226
 0.00232]|,|[0.00278 0.00273 0.00268 0.00262 0.00278 0.00278 0.00273 0.00273 0.00278
 0.00273]|,|[0.00309 0.00304 0.00319 0.00314 0.00309 0.00304 0.00309 0.00314 0.00319
 0.00309]|,|[0.00355 0.00355 0.0035  0.00365 0.00355 0.00345 0.0036  0.00371 0.00355
 0.0035 ]|,|[0.00407 0.00401 0.00407 0.00407 0.00396 0.00401 0.00412 0.00401 0.00407
 0.00407]|,|[0.00443 0.00443 0.00443 0.00448 0.00443 0.00443 0.00432 0.00448 0.00432
 0.00448]|,|[0.00494 0.00504 0.00499 0.00494 0.00499 0.00499 0.00499 0.0051  0.00494
 0.00494]|,|[0.00535 0.00551 0.00535 0.00551 0.00525 0.0054  0.00535 0.00525 0.00535
 0.0054 ]|,|[0.00602 0.00602 0.00592 0.00602 0.00592 0.00592 0.00592 0.00587 0.00587
 0.00602]|,|[0.00633 0.00638 0.00654 0.00643 0.00638 0.00638 0.00648 0.00633 0.00638
 0.00638]|,|[0.007   0.007   0.007   0.00705 0.007   0.007   0.007   0.00695 0.0071
 0.00705]|,|[0.00757 0.00757 0.00751 0.00751 0.00736 0.00751 0.00741 0.00746 0.00751
 0.00757]|,|[0.00798 0.00803 0.00798 0.00798 0.00808 0.00808 0.00803 0.00798 0.00803
 0.00798]|,|[0.00849 0.00849 0.00854 0.00859 0.00854 0.00854 0.00844 0.00844 0.00844
 0.00844]|,|[0.00911 0.00916 0.00921 0.00916 0.00921 0.00916 0.00911 0.00906 0.00911
 0.00911]|,|[0.00973 0.00973 0.00973 0.00998 0.00962 0.00973 0.00962 0.00957 0.00962
 0.00973]|,|[0.01024 0.01034 0.01034 0.01024 0.01029 0.01024 0.01019 0.0104  0.01029
 0.01029]|,|[0.01096 0.01101 0.01112 0.01091 0.01117 0.01117 0.01101 0.01117 0.01101
 0.01101]|,|[0.01163 0.01158 0.01153 0.01153 0.01158 0.01153 0.01158 0.01153 0.01163
 0.01163]|,|[0.01225 0.01225 0.01215 0.01204 0.01209 0.01215 0.0123  0.01215 0.01204
 0.01215]|,|[0.01276 0.01276 0.01271 0.01266 0.01276 0.01256 0.01276 0.01281 0.01271
 0.01271]|,|[0.01348 0.01348 0.01343 0.01348 0.01338 0.01343 0.01354 0.01359 0.01348
 0.01343]|,|[0.01405 0.01415 0.01405 0.014   0.0141  0.014   0.01405 0.01405 0.01405
 0.01395]|,|[0.01467 0.01467 0.01467 0.01472 0.01472 0.01472 0.01467 0.01477 0.01477
 0.01467]|,|[0.01518 0.01518 0.01523 0.01523 0.01529 0.01523 0.01529 0.01523 0.01529
 0.01518]|,|[0.01595 0.01611 0.01595 0.01601 0.01601 0.0159  0.01595 0.01601 0.01595
 0.0159 ]|,|[0.01652 0.01662 0.01657 0.01652 0.01662 0.01662 0.01647 0.01657 0.01662
 0.01657]|,|[0.01719 0.01719 0.01714 0.0174  0.01724 0.01724 0.01734 0.01729 0.01724
 0.01719]|,|[0.01791 0.01796 0.01786 0.01786 0.01776 0.01801 0.01791 0.01786 0.01791
 0.01791]|,|[0.01848 0.01858 0.01868 0.01863 0.01853 0.01868 0.01853 0.01868 0.01868
 0.01858]|,|[0.0192  0.01909 0.0192  0.01925 0.01915 0.01925 0.01925 0.01925 0.01915
 0.0192 ]|,|[0.01992 0.01992 0.01981 0.01987 0.01987 0.01981 0.01981 0.01992 0.01981
 0.01971]|,|[0.02069 0.02059 0.02059 0.02059 0.02053 0.02059 0.02059 0.02069 0.02074
 0.02053]|,|[0.0212  0.02126 0.02115 0.0212  0.0212  0.02131 0.02115 0.02115 0.02115
 0.0212 ]|,|[0.02203 0.02203 0.02192 0.02198 0.02192 0.02198 0.02203 0.02198 0.02192
 0.02182]|,|[0.02254 0.02244 0.02254 0.02254 0.02249 0.02259 0.02254 0.02254 0.02264
 0.02264]|,|[0.02331 0.02337 0.02337 0.02331 0.02337 0.02342 0.02326 0.02337 0.02347
 0.02337]|,|[0.02398 0.02409 0.02398 0.02398 0.02393 0.02388 0.02398 0.02398 0.02388
 0.02393]|,|[0.02465 0.02475 0.02475 0.0247  0.0247  0.02465 0.0247  0.02486 0.02475
 0.0247 ]|,|[0.02537 0.02537 0.02532 0.02532 0.02532 0.02542 0.02542 0.02527 0.02532
 0.02542]|,|[0.02609 0.02609 0.02614 0.02609 0.02614 0.02609 0.02604 0.02614 0.02614
 0.02609]|,|[0.02676 0.02666 0.02676 0.02671 0.02661 0.02676 0.02681 0.02676 0.02666
 0.02681]|,|[0.02748 0.02743 0.02743 0.02748 0.02743 0.02759 0.02743 0.02738 0.02759
 0.02743]|,|[0.02815 0.0281  0.028   0.0281  0.0281  0.0281  0.0281  0.0281  0.0282
 0.02815]|,|[0.02892 0.02892 0.02892 0.02887 0.02897 0.02903 0.02892 0.02892 0.02897
 0.02887]|,|[0.02964 0.02964 0.02975 0.0298  0.02964 0.02975 0.02975 0.0297  0.02964
 0.02975]|,|[0.03026 0.03042 0.03031 0.03031 0.03031 0.03031 0.03036 0.03036 0.03036
 0.03036]|,|[0.03108 0.03129 0.03114 0.03119 0.03103 0.03108 0.03108 0.03119 0.03098
 0.03119]|,|[0.03186 0.03181 0.03181 0.03175 0.03175 0.0317  0.03181 0.03175 0.03175
 0.03175]|,|[0.03247 0.03253 0.03263 0.03242 0.03253 0.03258 0.03258 0.03258 0.03247
 0.03247]|,|[0.0332  0.0332  0.03314 0.03299 0.03314 0.03309 0.03325 0.03314 0.0332
 0.0332 ]|,|[0.03397 0.03397 0.03402 0.03392 0.03402 0.03402 0.03412 0.03397 0.03407
 0.03397]|,|[0.03469 0.03464 0.03464 0.03469 0.03464 0.03464 0.03469 0.03469 0.03469
 0.03469]|,|[0.03546 0.03546 0.03531 0.03546 0.03551 0.03531 0.03536 0.03541 0.03541
 0.03541]|,|[0.03613 0.03608 0.03603 0.03618 0.03592 0.03618 0.03608 0.03597 0.03603
 0.03608]|,|[0.0369  0.0368  0.03685 0.0369  0.03685 0.03695 0.03685 0.0368  0.03685
 0.0369 ]|,|[0.03747 0.03752 0.03757 0.03762 0.03747 0.03762 0.03752 0.03752 0.03752
 0.03757]|,|[0.03798 0.03793 0.03803 0.03793 0.03798 0.03808 0.03798 0.03793 0.03808
 0.03803]|,|[0.0386  0.0386  0.03875 0.0386  0.03865 0.03875 0.0387  0.03865 0.0387
 0.03865]|,|[0.03942 0.03942 0.03942 0.03942 0.03953 0.03947 0.03932 0.03942 0.03942
 0.03942]|,|[0.04025 0.04025 0.04019 0.04019 0.0403  0.04019 0.04025 0.0403  0.04025
 0.0403 ]|,|[0.04086 0.04097 0.04097 0.04086 0.04097 0.04097 0.04097 0.04091 0.04091
 0.04091]|,|[0.04174 0.04158 0.04169 0.04158 0.04174 0.04169 0.04169 0.04169 0.04169
 0.04158]|,|[0.04236 0.0423  0.04225 0.0422  0.04225 0.04236 0.0423  0.04225 0.0422
 0.04236]|,|[0.04313 0.04313 0.04318 0.04318 0.04318 0.04313 0.04302 0.04308 0.04313
 0.04313]|,|[0.04375 0.0438  0.0438  0.04375 0.04385 0.04385 0.0438  0.04375 0.04375
 0.04375]|,|[0.04457 0.04457 0.04457 0.04457 0.04457 0.04447 0.04462 0.04457 0.04457
 0.04467]|,|[0.04524 0.04519 0.04524 0.04524 0.04529 0.04514 0.04524 0.04524 0.04519
 0.04514]|,|[0.04606 0.04601 0.04596 0.04611 0.04601 0.04606 0.04611 0.04601 0.04601
 0.04606]|,|[0.04673 0.04673 0.04683 0.04663 0.04678 0.04678 0.04663 0.04673 0.04673
 0.04678]|,|[0.0475  0.0474  0.04755 0.0475  0.04755 0.04761 0.0474  0.0475  0.04755
 0.04761]|,|[0.04812 0.04807 0.04812 0.04812 0.04812 0.04812 0.04817 0.04812 0.04817
 0.04817]|,|[0.04899 0.04894 0.04894 0.04894 0.04905 0.04894 0.04899 0.04889 0.04894
 0.04894]|,|[0.04972 0.04972 0.04972 0.04977 0.04977 0.04972 0.04977 0.04977 0.04977
 0.04977]|,|[0.05038 0.05033 0.05033 0.05038 0.05033 0.05049 0.05038 0.05033 0.05038
 0.05049]|,|[0.05131 0.05121 0.0511  0.0511  0.05126 0.05116 0.05121 0.05131 0.05105
 0.05121]|,|[0.05188 0.05188 0.05183 0.05193 0.05193 0.05183 0.05188 0.05188 0.05193
 0.05177]|,|[0.05265 0.05265 0.0526  0.0526  0.0527  0.05265 0.05265 0.05265 0.0526
 0.0526 ]|,|[0.05316 0.05327 0.05337 0.05332 0.05322 0.05332 0.05327 0.05327 0.05316
 0.05332]|
