[0.0021 0.0021 0.0021 0.0016 0.0016 0.0021 0.0021 0.0016 0.0021 0.0021],[0.012  0.011  0.0115 0.0115 0.0104 0.011  0.011  0.011  0.011  0.0104],[0.0219 0.0225 0.0225 0.0225 0.023  0.023  0.023  0.0225 0.0225 0.0219],[0.0308 0.0313 0.0308 0.0308 0.0308 0.0313 0.0308 0.0308 0.0313 0.0308],[0.0418 0.0413 0.0418 0.0407 0.0407 0.0418 0.0413 0.0413 0.0418 0.0418],[0.0496 0.0501 0.0501 0.0496 0.0501 0.0507 0.0501 0.0501 0.0501 0.0512],[0.0622 0.0627 0.0616 0.0622 0.0622 0.0616 0.0622 0.0627 0.0627 0.0627],[0.0721 0.0721 0.071  0.0716 0.0721 0.0705 0.071  0.071  0.0705 0.0716],[0.0815 0.081  0.0815 0.0815 0.082  0.082  0.082  0.0815 0.0815 0.0815],[0.0909 0.0904 0.0909 0.0904 0.0904 0.0904 0.0909 0.0904 0.0909 0.0898],[0.1008 0.1029 0.1024 0.1013 0.1024 0.1019 0.1013 0.1019 0.1019 0.1019],[0.1102 0.1107 0.1107 0.1113 0.1102 0.1107 0.1113 0.1113 0.1107 0.1107],[0.1217 0.1217 0.1217 0.1212 0.1207 0.1217 0.1217 0.1217 0.1217 0.1217],[0.1301 0.1295 0.1306 0.1301 0.1301 0.1306 0.1306 0.1301 0.1301 0.1306],[0.1421 0.1421 0.1421 0.1426 0.1421 0.1421 0.1426 0.1421 0.1421 0.1416],[0.1525 0.1525 0.1525 0.1525 0.1531 0.1531 0.152  0.1525 0.1531 0.1531],[0.1614 0.1614 0.1614 0.1614 0.1614 0.1614 0.1614 0.1614 0.1619 0.1614],[0.1724 0.1729 0.1729 0.1724 0.1724 0.1729 0.1729 0.1729 0.1729 0.1724],[0.1818 0.1813 0.1813 0.1813 0.1818 0.1813 0.1813 0.1818 0.1813 0.1813],[0.1922 0.1922 0.1922 0.1922 0.1922 0.1922 0.1922 0.1917 0.1917 0.1917],[0.2011 0.2006 0.2006 0.2006 0.2011 0.2006 0.2011 0.2006 0.2011 0.2006],[0.2126 0.2126 0.2126 0.2131 0.2131 0.2131 0.2126 0.2126 0.2131 0.2131],[0.222  0.222  0.222  0.222  0.222  0.222  0.222  0.222  0.222  0.2215],[0.2325 0.2325 0.2325 0.2325 0.2319 0.2325 0.2319 0.2325 0.2325 0.2325],[0.2429 0.2429 0.2429 0.2424 0.2429 0.2429 0.2429 0.2429 0.2429 0.2424],[0.2471 0.2471 0.2471 0.2466 0.2471 0.2466 0.2466 0.2471 0.2466 0.2466],[0.256  0.2554 0.2565 0.2554 0.2565 0.2554 0.2554 0.256  0.2554 0.2554],[0.2675 0.2675 0.2675 0.268  0.268  0.2675 0.2675 0.2675 0.268  0.268 ],[0.2763 0.2763 0.2763 0.2763 0.2769 0.2769 0.2769 0.2769 0.2769 0.2769],[0.2873 0.2868 0.2873 0.2868 0.2873 0.2873 0.2873 0.2873 0.2873 0.2873],[0.2983 0.2988 0.2988 0.2988 0.2983 0.2983 0.2983 0.2988 0.2988 0.2988],[0.3077 0.3077 0.3072 0.3077 0.3077 0.3077 0.3077 0.3072 0.3072 0.3072],[0.3176 0.3176 0.3181 0.3181 0.3176 0.3176 0.3171 0.3176 0.3176 0.3176],[0.326  0.3265 0.3265 0.326  0.3265 0.3265 0.3265 0.3265 0.326  0.3265],[0.3385 0.338  0.3385 0.338  0.338  0.3385 0.338  0.338  0.3385 0.3385],[0.3479 0.3474 0.3479 0.3474 0.3474 0.3474 0.3474 0.3479 0.3474 0.3479],[0.3578 0.3578 0.3578 0.3578 0.3578 0.3578 0.3578 0.3578 0.3578 0.3578],[0.3672 0.3667 0.3662 0.3667 0.3672 0.3662 0.3662 0.3672 0.3667 0.3667],[0.3782 0.3782 0.3782 0.3782 0.3777 0.3777 0.3782 0.3777 0.3782 0.3777],[0.3871 0.3871 0.3871 0.3866 0.3866 0.3866 0.3871 0.3866 0.3866 0.3866],[0.397  0.3975 0.397  0.397  0.397  0.397  0.3975 0.3975 0.397  0.3975],[0.4064 0.4064 0.4059 0.4064 0.4059 0.4064 0.4064 0.4059 0.4064 0.4059],[0.4179 0.4184 0.4184 0.4179 0.4184 0.4179 0.4179 0.4184 0.4179 0.4184],[0.4289 0.4278 0.4289 0.4289 0.4283 0.4289 0.4289 0.4278 0.4283 0.4289],[0.4377 0.4377 0.4377 0.4377 0.4377 0.4372 0.4372 0.4372 0.4372 0.4377],[0.4487 0.4492 0.4492 0.4487 0.4487 0.4487 0.4492 0.4487 0.4487 0.4487],[0.4571 0.4576 0.4571 0.4576 0.4576 0.4576 0.4576 0.4576 0.4576 0.4571],[0.4686 0.4675 0.468  0.468  0.468  0.468  0.4675 0.468  0.4686 0.4675],[0.4769 0.4774 0.4769 0.4769 0.4764 0.4769 0.4769 0.4769 0.4764 0.4764],[0.4889 0.4889 0.4889 0.4884 0.4889 0.4884 0.4884 0.4895 0.4889 0.4889],[0.4978 0.4983 0.4973 0.4983 0.4978 0.4978 0.4978 0.4978 0.4978 0.4978],[0.5088 0.5088 0.5088 0.5083 0.5083 0.5083 0.5088 0.5088 0.5093 0.5088],[0.5166 0.5171 0.5177 0.5171 0.5171 0.5171 0.5171 0.5171 0.5171 0.5171],[0.5271 0.5276 0.5281 0.5276 0.5276 0.5271 0.5276 0.5276 0.5281 0.5276],[0.5365 0.5365 0.537  0.536  0.5365 0.5365 0.5365 0.536  0.5365 0.5365],[0.5474 0.5469 0.5464 0.5474 0.5469 0.5474 0.5474 0.5469 0.5474 0.5464],[0.5558 0.5563 0.5563 0.5553 0.5563 0.5563 0.5558 0.5558 0.5563 0.5558],[0.5678 0.5678 0.5678 0.5678 0.5673 0.5673 0.5683 0.5683 0.5678 0.5678],[0.5788 0.5788 0.5788 0.5788 0.5788 0.5788 0.5788 0.5788 0.5783 0.5788],[0.5877 0.5871 0.5877 0.5877 0.5871 0.5871 0.5877 0.5877 0.5877 0.5871],[0.5986 0.5986 0.5986 0.5986 0.5986 0.5986 0.5981 0.5986 0.5986 0.5981],[0.607  0.6075 0.6075 0.607  0.607  0.607  0.6075 0.607  0.6075 0.607 ],[0.618  0.618  0.618  0.618  0.618  0.6174 0.618  0.618  0.618  0.618 ],[0.6268 0.6268 0.6268 0.6268 0.6268 0.6268 0.6268 0.6274 0.6268 0.6268],[0.6389 0.6394 0.6383 0.6389 0.6383 0.6383 0.6389 0.6389 0.6383 0.6389],[0.6477 0.6472 0.6477 0.6477 0.6477 0.6477 0.6477 0.6477 0.6477 0.6477],[0.6582 0.6582 0.6582 0.6582 0.6582 0.6582 0.6582 0.6582 0.6582 0.6577],[0.6665 0.6671 0.6671 0.6665 0.6665 0.6671 0.6671 0.6671 0.6665 0.6665],[0.678  0.6775 0.6786 0.6786 0.678  0.678  0.6786 0.6775 0.678  0.6786],[0.6869 0.6869 0.6869 0.6869 0.6869 0.6869 0.6874 0.6869 0.6874 0.6874],[0.6974 0.6974 0.6979 0.6979 0.6974 0.6979 0.6979 0.6974 0.6974 0.6979],[0.7094 0.7094 0.7094 0.7099 0.7094 0.7099 0.7094 0.7094 0.7094 0.7094],[0.7183 0.7183 0.7183 0.7188 0.7183 0.7183 0.7188 0.7188 0.7188 0.7188],[0.7292 0.7292 0.7287 0.7287 0.7292 0.7292 0.7292 0.7292 0.7287 0.7287],[0.7376 0.7371 0.7376 0.7376 0.7376 0.7376 0.7376 0.7376 0.7376 0.7376],[0.7486 0.7486 0.7486 0.7486 0.7486 0.7491 0.7491 0.7486 0.7491 0.7486],[0.758  0.758  0.758  0.758  0.7574 0.7574 0.758  0.7585 0.758  0.7574],[0.7684 0.7679 0.7679 0.7684 0.7684 0.7684 0.7684 0.7679 0.7679 0.7689],[0.7773 0.7778 0.7773 0.7773 0.7773 0.7773 0.7773 0.7773 0.7773 0.7773],[0.7893 0.7893 0.7893 0.7893 0.7893 0.7893 0.7893 0.7893 0.7893 0.7893],[0.7982 0.7977 0.7982 0.7987 0.7982 0.7977 0.7982 0.7982 0.7977 0.7977],[0.8071 0.8071 0.8065 0.8071 0.8065 0.8071 0.8071 0.8065 0.8071 0.8065],[0.8149 0.8154 0.8159 0.8154 0.8154 0.8154 0.8154 0.8154 0.8154 0.8154],[0.8269 0.8269 0.8269 0.8269 0.8274 0.8274 0.8269 0.8269 0.8269 0.8274],[0.8353 0.8358 0.8358 0.8358 0.8358 0.8358 0.8358 0.8358 0.8363 0.8363],[0.8462 0.8468 0.8462 0.8462 0.8468 0.8462 0.8462 0.8468 0.8462 0.8462],[0.8583 0.8583 0.8583 0.8583 0.8577 0.8583 0.8583 0.8583 0.8583 0.8588],[0.8671 0.8671 0.8671 0.8666 0.8671 0.8677 0.8666 0.8677 0.8677 0.8671],[0.8776 0.8776 0.8781 0.8776 0.8776 0.8776 0.8771 0.8776 0.8781 0.8781],[0.8865 0.8859 0.8859 0.8859 0.8865 0.8865 0.8865 0.8865 0.8865 0.8865],[0.898  0.8974 0.898  0.898  0.8974 0.8974 0.8974 0.8974 0.8974 0.898 ],[0.9063 0.9058 0.9063 0.9068 0.9068 0.9068 0.9063 0.9058 0.9063 0.9058],[0.9173 0.9173 0.9173 0.9168 0.9173 0.9173 0.9173 0.9178 0.9173 0.9173],[0.9256 0.9262 0.9262 0.9267 0.9262 0.9256 0.9262 0.9262 0.9256 0.9262],[0.9382 0.9377 0.9377 0.9377 0.9371 0.9377 0.9377 0.9377 0.9377 0.9377],[0.9465 0.9471 0.9465 0.9465 0.9471 0.9471 0.9465 0.9465 0.9465 0.9465],[0.9575 0.9575 0.957  0.9575 0.9575 0.958  0.957  0.9575 0.9575 0.957 ],[0.9664 0.9659 0.9664 0.9664 0.9659 0.9659 0.9669 0.9664 0.9664 0.9664],[0.9774 0.9774 0.9768 0.9774 0.9779 0.9774 0.9779 0.9774 0.9774 0.9779],[0.9888 0.9888 0.9878 0.9878 0.9883 0.9883 0.9883 0.9883 0.9888 0.9888],[0.9967 0.9972 0.9972 0.9967 0.9967 0.9972 0.9972 0.9972 0.9977 0.9967],[1.0092 1.0092 1.0087 1.0092 1.0092 1.0092 1.0087 1.0087 1.0087 1.0092],[1.0176 1.0176 1.0181 1.0176 1.0176 1.0176 1.0171 1.0176 1.0176 1.0176],[1.0285 1.028  1.028  1.028  1.0275 1.028  1.0285 1.0285 1.028  1.028 ],[1.0374 1.0369 1.0374 1.0369 1.0369 1.0374 1.0374 1.0374 1.0369 1.0374],[1.0484 1.0484 1.0484 1.0484 1.0489 1.0484 1.0484 1.0489 1.0484 1.0484],[1.0573 1.0573 1.0568 1.0573 1.0573 1.0573 1.0573 1.0578 1.0573 1.0573],[1.0682 1.0682 1.0677 1.0677 1.0682 1.0677 1.0677 1.0682 1.0682 1.0677],[1.0771 1.0771 1.0771 1.0771 1.0766 1.0771 1.0766 1.0771 1.0766 1.0771],[1.0871 1.0876 1.0876 1.0876 1.0876 1.0876 1.0876 1.0876 1.0876 1.0876],[1.0965 1.0965 1.0965 1.0965 1.0965 1.097  1.0959 1.0959 1.0965 1.0965],[1.1074 1.1069 1.1074 1.1069 1.1069 1.1069 1.1069 1.1069 1.1069 1.1069],[1.1158 1.1158 1.1163 1.1158 1.1158 1.1158 1.1158 1.1163 1.1158 1.1163],[1.1273 1.1278 1.1273 1.1273 1.1278 1.1273 1.1273 1.1278 1.1273 1.1278],[1.1382 1.1372 1.1382 1.1377 1.1382 1.1377 1.1377 1.1377 1.1382 1.1382],[1.1471 1.1471 1.1466 1.1466 1.1471 1.1466 1.1466 1.1471 1.1466 1.1471],[1.1581 1.1581 1.1581 1.1586 1.1581 1.1581 1.1586 1.1581 1.1581 1.1581],[1.167  1.167  1.167  1.167  1.167  1.167  1.1675 1.167  1.167  1.167 ],[1.1774 1.1774 1.1779 1.1779 1.1779 1.1779 1.1774 1.1779 1.1779 1.1774],[1.1863 1.1863 1.1868 1.1868 1.1863 1.1868 1.1868 1.1863 1.1863 1.1863],[1.1978 1.1983 1.1978 1.1978 1.1983 1.1983 1.1978 1.1983 1.1978 1.1978],[1.2072 1.2067 1.2067 1.2067 1.2072 1.2067 1.2072 1.2067 1.2072 1.2072],[1.2176 1.2176 1.2176 1.2176 1.2171 1.2171 1.2176 1.2176 1.2176 1.2176],[1.226  1.226  1.226  1.2265 1.2271 1.226  1.2265 1.2265 1.2265 1.2265],[1.2385 1.238  1.2385 1.238  1.2385 1.238  1.238  1.238  1.238  1.238 ],[1.2469 1.2469 1.2469 1.2464 1.2474 1.2469 1.2474 1.2464 1.2469 1.2469],[1.2573 1.2573 1.2573 1.2573 1.2573 1.2573 1.2573 1.2579 1.2573 1.2573],[1.2688 1.2688 1.2688 1.2688 1.2688 1.2694 1.2694 1.2688 1.2688 1.2688],[1.2777 1.2777 1.2777 1.2777 1.2777 1.2777 1.2777 1.2777 1.2777 1.2777],[1.2887 1.2887 1.2887 1.2882 1.2882 1.2882 1.2882 1.2887 1.2882 1.2882],[1.297  1.2976 1.297  1.2976 1.297  1.297  1.297  1.2976 1.297  1.297 ],[1.3085 1.3085 1.308  1.3091 1.3085 1.3085 1.3091 1.3085 1.3085 1.3085],[1.3174 1.3174 1.3179 1.3174 1.3179 1.3179 1.3174 1.3179 1.3174 1.3179],[1.3289 1.3279 1.3284 1.3279 1.3279 1.3279 1.3284 1.3284 1.3279 1.3279],[1.3367 1.3373 1.3373 1.3373 1.3373 1.3373 1.3378 1.3373 1.3373 1.3373],[1.3488 1.3482 1.3488 1.3482 1.3482 1.3488 1.3488 1.3488 1.3482 1.3493],[1.3576 1.3571 1.3576 1.3576 1.3571 1.3576 1.3571 1.3576 1.3576 1.3571],[1.3681 1.3681 1.3676 1.3686 1.3681 1.3681 1.3681 1.3686 1.3681 1.3681],[1.3728 1.3728 1.3733 1.3733 1.3728 1.3723 1.3728 1.3728 1.3728 1.3733],[1.3838 1.3832 1.3838 1.3832 1.3832 1.3838 1.3832 1.3827 1.3832 1.3832],[1.3921 1.3926 1.3926 1.3926 1.3926 1.3926 1.3921 1.3921 1.3921 1.3926],[1.4041 1.4036 1.4031 1.4041 1.4036 1.4041 1.4041 1.4036 1.4031 1.4036],[1.4141 1.4141 1.4135 1.4141 1.4141 1.4141 1.4141 1.4141 1.4135 1.4135],[1.4229 1.4229 1.4235 1.4224 1.4229 1.4229 1.4235 1.4235 1.4229 1.4235],[1.4355 1.435  1.4355 1.4344 1.4344 1.435  1.4355 1.4344 1.435  1.435 ],[1.4433 1.4433 1.4433 1.4433 1.4438 1.4438 1.4433 1.4433 1.4438 1.4438],[1.4543 1.4543 1.4543 1.4548 1.4543 1.4538 1.4538 1.4538 1.4543 1.4538],[1.4632 1.4637 1.4637 1.4632 1.4632 1.4632 1.4626 1.4626 1.4621 1.4632],[1.4741 1.4747 1.4741 1.4747 1.4747 1.4741 1.4747 1.4747 1.4747 1.4741],[1.4835 1.4835 1.4841 1.4835 1.483  1.4835 1.483  1.4835 1.483  1.483 ],[1.494  1.494  1.494  1.4935 1.494  1.494  1.494  1.494  1.494  1.494 ],[1.5029 1.5023 1.5029 1.5023 1.5029 1.5029 1.5029 1.5034 1.5029 1.5029],[1.5149 1.5149 1.5149 1.5149 1.5144 1.5149 1.5149 1.5149 1.5149 1.5149],[1.5232 1.5238 1.5238 1.5232 1.5238 1.5232 1.5232 1.5238 1.5232 1.5232],[1.5342 1.5337 1.5342 1.5347 1.5337 1.5342 1.5337 1.5342 1.5342 1.5337],[1.5457 1.5452 1.5452 1.5452 1.5452 1.5457 1.5452 1.5452 1.5452 1.5457],[1.5546 1.5541 1.5546 1.5541 1.5546 1.5546 1.5546 1.5546 1.5546 1.5546],[1.565  1.565  1.565  1.5645 1.5645 1.565  1.565  1.565  1.565  1.5645],[1.5739 1.5739 1.5744 1.5744 1.5734 1.5734 1.5739 1.5739 1.5734 1.5739],[1.5854 1.5854 1.5854 1.5849 1.5854 1.5849 1.5854 1.5854 1.5849 1.5854],[1.5938 1.5943 1.5943 1.5938 1.5943 1.5938 1.5943 1.5943 1.5943 1.5943],[1.6047 1.6047 1.6047 1.6052 1.6052 1.6047 1.6047 1.6047 1.6042 1.6042],[1.6136 1.6136 1.6136 1.6141 1.6136 1.6136 1.6136 1.6136 1.6136 1.6141],[1.6251 1.6251 1.6256 1.6246 1.6246 1.6256 1.6256 1.6251 1.6251 1.6251],[1.6335 1.634  1.634  1.634  1.634  1.634  1.634  1.6335 1.634  1.634 ],[1.6444 1.6444 1.6444 1.6444 1.6444 1.6444 1.6449 1.6444 1.6444 1.6444],[1.6538 1.6533 1.6533 1.6533 1.6538 1.6533 1.6533 1.6533 1.6533 1.6528],[1.6638 1.6643 1.6643 1.6643 1.6643 1.6643 1.6643 1.6643 1.6643 1.6638],[1.6732 1.6732 1.6726 1.6732 1.6732 1.6732 1.6732 1.6726 1.6732 1.6732],[1.6841 1.6836 1.6836 1.6836 1.6836 1.6836 1.6831 1.6831 1.6836 1.6836],[1.6951 1.6946 1.6951 1.6946 1.6951 1.6951 1.6951 1.6951 1.6951 1.6946],[1.704  1.704  1.704  1.7035 1.704  1.704  1.704  1.704  1.704  1.7035],[1.7149 1.7149 1.7144 1.7144 1.7144 1.7144 1.7144 1.7144 1.7144 1.7144],[1.7238 1.7233 1.7228 1.7233 1.7233 1.7238 1.7233 1.7233 1.7233 1.7233],[1.7343 1.7348 1.7348 1.7348 1.7348 1.7343 1.7348 1.7343 1.7343 1.7348],[1.7432 1.7437 1.7442 1.7437 1.7437 1.7437 1.7432 1.7437 1.7437 1.7437],[1.7541 1.7541 1.7541 1.7541 1.7541 1.7541 1.7541 1.7541 1.7541 1.7541],[1.763 1.763 1.763 1.763 1.763 1.763 1.763 1.763 1.763 1.763],[1.7745 1.774  1.775  1.774  1.7745 1.7735 1.7745 1.7745 1.774  1.7745],[1.7829 1.7829 1.7829 1.7829 1.7839 1.7829 1.7834 1.7834 1.7834 1.7834],[1.7938 1.7933 1.7938 1.7938 1.7938 1.7943 1.7933 1.7938 1.7938 1.7933],[1.8022 1.8022 1.8022 1.8017 1.8027 1.8027 1.8022 1.8022 1.8022 1.8022],[1.8132 1.8142 1.8147 1.8142 1.8142 1.8137 1.8142 1.8137 1.8142 1.8142],[1.8246 1.8241 1.8241 1.8246 1.8241 1.8241 1.8246 1.8241 1.8246 1.8241],[1.8335 1.8335 1.833  1.833  1.833  1.833  1.833  1.8335 1.8325 1.8325],[1.844  1.8434 1.844  1.8445 1.8445 1.844  1.844  1.844  1.8445 1.845 ],[1.8529 1.8523 1.8534 1.8529 1.8523 1.8529 1.8523 1.8523 1.8529 1.8523],[1.8623 1.8633 1.8638 1.8633 1.8633 1.8633 1.8628 1.8628 1.8628 1.8628],[1.8711 1.8717 1.8711 1.8711 1.8717 1.8717 1.8717 1.8717 1.8711 1.8711],[1.8831 1.8826 1.8826 1.8826 1.8831 1.8826 1.8826 1.8831 1.8821 1.8831],[1.892  1.8915 1.891  1.8915 1.891  1.891  1.891  1.8915 1.8915 1.8915],[1.9014 1.902  1.902  1.9009 1.9014 1.9014 1.9009 1.9014 1.9009 1.9014],[1.9103 1.9093 1.9098 1.9103 1.9103 1.9098 1.9103 1.9098 1.9103 1.9098],[1.9208 1.9213 1.9208 1.9213 1.9202 1.9213 1.9213 1.9213 1.9213 1.9208],[1.9338 1.9338 1.9338 1.9338 1.9338 1.9338 1.9338 1.9343 1.9343 1.9343],[1.9443 1.9443 1.9443 1.9443 1.9437 1.9443 1.9443 1.9443 1.9443 1.9437],[1.9526 1.9526 1.9526 1.9531 1.9526 1.9521 1.9531 1.9526 1.9526 1.9526],[1.9625 1.9625 1.962  1.9625 1.962  1.962  1.9625 1.9625 1.962  1.962 ],[1.9725 1.9725 1.972  1.9725 1.972  1.9725 1.972  1.9725 1.9725 1.972 ],[1.9808 1.9808 1.9808 1.9808 1.9814 1.9814 1.9814 1.9808 1.9808 1.9814],[1.9918 1.9913 1.9913 1.9918 1.9918 1.9913 1.9913 1.9918 1.9918 1.9918],[1.9996 1.9996 1.9996 1.9996 1.9996 1.9996 1.9991 1.9996 2.0002 1.9996],[2.0101 2.0101 2.0106 2.0101 2.0101 2.0101 2.0101 2.0106 2.0106 2.0101],[2.0184 2.0179 2.0179 2.0184 2.0184 2.0184 2.0179 2.0184 2.0184 2.0184],[2.0289 2.0294 2.0294 2.0294 2.0294 2.0294 2.0289 2.0294 2.0294 2.0294],[2.0372 2.0372 2.0372 2.0372 2.0372 2.0367 2.0372 2.0378 2.0372 2.0367],[2.0472 2.0472 2.0467 2.0472 2.0472 2.0472 2.0477 2.0467 2.0472 2.0472],[2.0555 2.0555 2.055  2.055  2.0555 2.0555 2.0555 2.0555 2.0555 2.055 ],[2.066  2.066  2.066  2.066  2.0655 2.066  2.066  2.0655 2.066  2.066 ],[2.0738 2.0743 2.0743 2.0738 2.0738 2.0738 2.0738 2.0743 2.0743 2.0738],[2.0843 2.0837 2.0843 2.0843 2.0843 2.0843 2.0843 2.0843 2.0843 2.0843],[2.0952 2.0947 2.0947 2.0952 2.0952 2.0952 2.0947 2.0947 2.0947 2.0947],[2.1036 2.1036 2.1036 2.1036 2.1031 2.1036 2.1036 2.1031 2.1036 2.1036],[2.1135 2.1135 2.1135 2.1135 2.113  2.1135 2.113  2.1135 2.1135 2.113 ],[2.1219 2.1214 2.1219 2.1219 2.1214 2.1214 2.1219 2.1214 2.1219 2.1214],[2.1323 2.1323 2.1323 2.1323 2.1328 2.1323 2.1323 2.1323 2.1328 2.1323],[2.1402 2.1402 2.1407 2.1407 2.1402 2.1407 2.1402 2.1407 2.1402 2.1407],[2.1506 2.1506 2.1506 2.1501 2.1506 2.1501 2.1501 2.1506 2.1506 2.1501],[2.1584 2.1584 2.1584 2.1584 2.1584 2.159  2.1584 2.1584 2.1584 2.159 ],[2.1689 2.1689 2.1689 2.1689 2.1689 2.1689 2.1689 2.1689 2.1689 2.1689],[2.1778 2.1772 2.1772 2.1778 2.1772 2.1772 2.1772 2.1772 2.1767 2.1772],[2.1872 2.1872 2.1872 2.1877 2.1872 2.1872 2.1877 2.1877 2.1872 2.1872],[2.1955 2.1955 2.1955 2.195  2.195  2.196  2.196  2.1955 2.1955 2.1955],[2.206  2.2055 2.2055 2.206  2.2055 2.2049 2.2055 2.2055 2.2055 2.2055],[2.2138 2.2138 2.2143 2.2143 2.2143 2.2143 2.2138 2.2138 2.2138 2.2138],[2.2222 2.2227 2.2227 2.2227 2.2227 2.2222 2.2227 2.2227 2.2222 2.2227],[2.2331 2.2331 2.2337 2.2337 2.2337 2.2331 2.2337 2.2331 2.2337 2.2331],[2.242  2.2425 2.242  2.2425 2.2425 2.2415 2.242  2.2425 2.242  2.242 ],[2.2519 2.2514 2.2519 2.2514 2.2525 2.2519 2.2519 2.2525 2.2514 2.2514],[2.2603 2.2598 2.2598 2.2603 2.2608 2.2608 2.2608 2.2603 2.2598 2.2603],[2.2713 2.2702 2.2707 2.2707 2.2707 2.2713 2.2713 2.2713 2.2702 2.2707],[2.2802 2.2802 2.2802 2.2796 2.2807 2.2807 2.2802 2.2807 2.2807 2.2812],[2.2927 2.2927 2.2932 2.2927 2.2932 2.2927 2.2927 2.2922 2.2932 2.2932],[2.3016 2.301  2.301  2.3005 2.301  2.301  2.301  2.3016 2.3005 2.3005],[2.3084 2.3078 2.3078 2.3084 2.3089 2.3089 2.3089 2.3089 2.3078 2.3084],[2.3193 2.3193 2.3199 2.3199 2.3199 2.3199 2.3193 2.3193 2.3199 2.3193],[2.3293 2.3287 2.3287 2.3287 2.3287 2.3293 2.3293 2.3287 2.3293 2.3293],[2.335  2.335  2.3345 2.3345 2.335  2.335  2.335  2.3345 2.335  2.3355],[2.3454 2.346  2.346  2.346  2.346  2.3454 2.346  2.3465 2.346  2.346 ],[2.3559 2.3564 2.3564 2.3559 2.3564 2.3564 2.3564 2.3559 2.3564 2.3564],[2.3648 2.3643 2.3648 2.3643 2.3648 2.3648 2.3643 2.3643 2.3648 2.3648],[2.3752 2.3752 2.3752 2.3752 2.3747 2.3752 2.3752 2.3747 2.3752 2.3747],[2.3836 2.3831 2.3831 2.3831 2.3831 2.3831 2.3831 2.3825 2.3831 2.3831],[2.3925 2.3925 2.3925 2.3925 2.3925 2.3925 2.3925 2.3919 2.3925 2.3919],[2.4003 2.4003 2.4003 2.4003 2.3998 2.4003 2.3998 2.3998 2.4003 2.4003],[2.4113 2.4118 2.4107 2.4113 2.4113 2.4118 2.4113 2.4113 2.4113 2.4113],[2.4196 2.4191 2.4196 2.4201 2.4191 2.4196 2.4196 2.4196 2.4196 2.4196],[2.4295 2.4295 2.429  2.4295 2.429  2.4295 2.4295 2.429  2.4301 2.4295],[2.4379 2.4379 2.4379 2.4379 2.4379 2.4379 2.4374 2.4374 2.4379 2.4379],[2.4484 2.4489 2.4484 2.4484 2.4484 2.4484 2.4484 2.4484 2.4484 2.4484],[2.4567 2.4567 2.4567 2.4567 2.4567 2.4567 2.4562 2.4562 2.4567 2.4562],[2.4625 2.4625 2.4625 2.4625 2.4625 2.4625 2.4625 2.4625 2.4625 2.4625],[2.4692 2.4692 2.4698 2.4692 2.4692 2.4698 2.4698 2.4698 2.4698 2.4692],[2.4797 2.4792 2.4792 2.4797 2.4792 2.4797 2.4797 2.4792 2.4797 2.4797],[2.4896 2.4896 2.4896 2.4896 2.4891 2.4896 2.4901 2.4896 2.4896 2.4896],[2.498 2.498 2.498 2.498 2.498 2.498 2.498 2.498 2.498 2.498],[2.5079 2.5079 2.5079 2.5074 2.5079 2.5079 2.5074 2.5079 2.5079 2.5079],[2.5163 2.5163 2.5163 2.5163 2.5163 2.5163 2.5163 2.5163 2.5157 2.5168],[2.5267 2.5262 2.5267 2.5267 2.5267 2.5267 2.5267 2.5267 2.5267 2.5272],[2.5351 2.5345 2.5345 2.5351 2.5351 2.5351 2.5351 2.5345 2.5345 2.5345],[2.545  2.545  2.5445 2.5445 2.545  2.5445 2.5445 2.545  2.545  2.545 ],[2.5528 2.5528 2.5528 2.5528 2.5528 2.5528 2.5528 2.5528 2.5528 2.5528],[2.5638 2.5638 2.5638 2.5633 2.5633 2.5638 2.5638 2.5638 2.5638 2.5638],[2.5716 2.5716 2.5716 2.5716 2.5722 2.5716 2.5716 2.5722 2.5722 2.5722],[2.5821 2.5816 2.581  2.5816 2.5816 2.5816 2.5816 2.5816 2.5816 2.5816],[2.5894 2.5899 2.5899 2.5899 2.5899 2.5894 2.5899 2.5899 2.5894 2.5899],[2.6004 2.6009 2.6004 2.6009 2.6004 2.6009 2.6004 2.6004 2.6004 2.6004],[2.6108 2.6103 2.6103 2.6108 2.6103 2.6098 2.6108 2.6103 2.6103 2.6108],[2.6186 2.6192 2.6186 2.6186 2.6186 2.6192 2.6186 2.6181 2.6186 2.6186],[2.6291 2.6291 2.6296 2.6291 2.6291 2.6296 2.6286 2.6291 2.6291 2.6291],[2.6375 2.6375 2.638  2.6375 2.6375 2.6369 2.6375 2.6375 2.6375 2.6375],[2.6474 2.6474 2.6474 2.6469 2.6474 2.6474 2.6469 2.6474 2.6474 2.6474],[2.6557 2.6552 2.6557 2.6557 2.6557 2.6557 2.6557 2.6552 2.6552 2.6552],[2.6662 2.6662 2.6667 2.6662 2.6662 2.6667 2.6657 2.6662 2.6657 2.6662],[2.6745 2.674  2.6751 2.6745 2.6751 2.6745 2.674  2.6751 2.6745 2.6751],[2.6839 2.6839 2.6839 2.6839 2.6845 2.6839 2.6839 2.6845 2.6839 2.6839],[2.6928 2.6928 2.6923 2.6928 2.6928 2.6928 2.6928 2.6928 2.6928 2.6923],[2.7033 2.7033 2.7027 2.7033 2.7033 2.7038 2.7038 2.7033 2.7027 2.7033],[2.7169 2.7169 2.7169 2.7163 2.7169 2.7169 2.7163 2.7169 2.7174 2.7169],[2.7263 2.7268 2.7273 2.7273 2.7268 2.7268 2.7263 2.7268 2.7263 2.7273],[2.7336 2.7346 2.7336 2.7341 2.7341 2.7346 2.7346 2.7341 2.7346 2.7336],[2.7456 2.7451 2.7445 2.7451 2.7451 2.7451 2.7451 2.7461 2.7456 2.7456],[2.755  2.7555 2.7545 2.755  2.755  2.755  2.755  2.755  2.7545 2.7545],[2.7628 2.7633 2.7633 2.7633 2.7628 2.7639 2.7633 2.7628 2.7633 2.7633],[2.7733 2.7733 2.7738 2.7738 2.7738 2.7738 2.7733 2.7738 2.7733 2.7738],[2.7827 2.7822 2.7822 2.7816 2.7822 2.7822 2.7822 2.7822 2.7822 2.7827],[2.7926 2.7916 2.7916 2.7921 2.791  2.7921 2.7916 2.7921 2.7921 2.791 ],[2.7999 2.7994 2.7999 2.7994 2.7999 2.7999 2.8004 2.7999 2.7999 2.7999],[2.8109 2.8109 2.8109 2.8104 2.8109 2.8109 2.8109 2.8109 2.8109 2.8109],[2.8187 2.8187 2.8192 2.8187 2.8187 2.8192 2.8187 2.8187 2.8192 2.8187],[2.8292 2.8292 2.8292 2.8292 2.8292 2.8292 2.8292 2.8292 2.8286 2.8292],[2.837  2.8375 2.8375 2.8375 2.837  2.8375 2.8375 2.837  2.8375 2.837 ]
|[ 1.0e-04 -5.0e-05  5.0e-05  1.0e-04  0.0e+00  5.0e-05  5.0e-05  5.0e-05
  2.1e-04  1.0e-04]|,|[1.0e-04 5.0e-05 5.0e-05 1.5e-04 1.5e-04 0.0e+00 1.5e-04 0.0e+00 1.0e-04
 1.0e-04]|,|[ 1.0e-04  1.5e-04  1.0e-04 -5.0e-05  2.1e-04  5.0e-05  5.0e-05  5.0e-05
  1.0e-04  1.5e-04]|,|[ 1.0e-04  1.0e-04  0.0e+00  5.0e-05  0.0e+00  2.6e-04  1.0e-04  1.5e-04
 -1.0e-04  1.0e-04]|,|[-5.0e-05  5.0e-05  1.0e-04  5.0e-05  5.0e-05  5.0e-05  0.0e+00  1.0e-04
  1.0e-04  2.1e-04]|,|[0.0e+00 5.0e-05 5.0e-05 5.0e-05 1.0e-04 0.0e+00 5.0e-05 5.0e-05 1.5e-04
 5.0e-05]|,|[ 5.0e-05  0.0e+00  5.0e-05  1.0e-04  1.5e-04  5.0e-05 -2.1e-04  5.0e-05
  1.0e-04  0.0e+00]|,|[ 2.1e-04  0.0e+00 -5.0e-05  5.0e-05  5.0e-05  1.0e-04  5.0e-05  5.0e-05
  0.0e+00  5.0e-05]|,|[ 1.5e-04  0.0e+00 -5.0e-05  5.0e-05  1.0e-04  0.0e+00  1.5e-04  5.0e-05
  1.0e-04  0.0e+00]|,|[ 0.e+00 -5.e-05 -5.e-05  5.e-05  0.e+00  5.e-05  0.e+00  5.e-05  5.e-05
  5.e-05]|,|[ 5.e-05  5.e-05  1.e-04  0.e+00  1.e-04  5.e-05  0.e+00  5.e-05  0.e+00
 -5.e-05]|,|[-5.0e-05 -5.0e-05  5.0e-05  0.0e+00  1.0e-04  1.0e-04 -5.0e-05  1.5e-04
 -5.0e-05  0.0e+00]|,[1.e-04 5.e-05 5.e-05 5.e-05 5.e-05 1.e-04 0.e+00 5.e-05 5.e-05 0.e+00],|[ 1.e-04  0.e+00 -5.e-05  1.e-04 -5.e-05  0.e+00  5.e-05  0.e+00  5.e-05
  0.e+00]|,|[ 1.e-04  5.e-05  5.e-05  0.e+00  5.e-05  5.e-05  0.e+00 -5.e-05 -5.e-05
  0.e+00]|,|[ 5.e-05  5.e-05  1.e-04 -5.e-05 -5.e-05  1.e-04 -5.e-05 -5.e-05 -5.e-05
 -5.e-05]|,|[ 0.e+00 -5.e-05  0.e+00  5.e-05  0.e+00  5.e-05  1.e-04  0.e+00  0.e+00
  5.e-05]|,|[ 1.e-04  5.e-05  1.e-04 -5.e-05 -5.e-05  0.e+00  0.e+00  0.e+00 -5.e-05
 -5.e-05]|,|[ 5.e-05 -5.e-05 -5.e-05  0.e+00  0.e+00  0.e+00 -5.e-05 -5.e-05  5.e-05
 -5.e-05]|,|[ 5.e-05  0.e+00 -5.e-05  5.e-05  0.e+00  5.e-05  5.e-05  5.e-05 -5.e-05
  0.e+00]|,|[-5.e-05 -5.e-05  5.e-05  5.e-05  5.e-05  5.e-05  0.e+00  0.e+00  5.e-05
 -5.e-05]|,|[ 0.e+00  0.e+00  0.e+00  5.e-05  0.e+00  0.e+00 -1.e-04  5.e-05  0.e+00
 -5.e-05]|,|[ 5.e-05  5.e-05 -5.e-05  0.e+00  5.e-05  5.e-05  0.e+00  0.e+00  5.e-05
  5.e-05]|,|[ 0.e+00  5.e-05  5.e-05  0.e+00  0.e+00  5.e-05 -5.e-05 -5.e-05  1.e-04
 -5.e-05]|,|[ 5.e-05 -1.e-04  0.e+00 -5.e-05  0.e+00  0.e+00  0.e+00 -5.e-05 -5.e-05
  5.e-05]|,|[ 0.e+00  0.e+00  0.e+00  5.e-05  5.e-05  5.e-05 -5.e-05  0.e+00 -1.e-04
  0.e+00]|,|[ 5.e-05  0.e+00 -5.e-05 -1.e-04 -5.e-05  5.e-05  5.e-05 -5.e-05  0.e+00
  5.e-05]|,|[ 0.e+00 -1.e-04  1.e-04  0.e+00  0.e+00  0.e+00  0.e+00 -5.e-05  5.e-05
  0.e+00]|,|[-5.0e-05  1.5e-04  0.0e+00  0.0e+00  1.5e-04 -5.0e-05  0.0e+00  5.0e-05
  5.0e-05  0.0e+00]|,|[ 5.e-05  5.e-05  0.e+00  0.e+00 -5.e-05 -5.e-05  5.e-05  5.e-05  5.e-05
  5.e-05]|,|[-3.6e-04  0.0e+00  5.0e-05  0.0e+00 -5.0e-05  0.0e+00  0.0e+00  4.1e-04
  5.0e-05 -5.0e-05]|,|[ 0.0e+00  0.0e+00 -1.0e-04  5.0e-05  1.5e-04  0.0e+00  5.0e-05  0.0e+00
 -5.0e-05  0.0e+00]|,|[-5.e-05 -5.e-05  5.e-05 -1.e-04  5.e-05  0.e+00 -5.e-05  1.e-04  0.e+00
  5.e-05]|,|[ 5.e-05  0.e+00  5.e-05 -5.e-05 -5.e-05  0.e+00  0.e+00 -5.e-05 -1.e-04
 -5.e-05]|,|[-1.e-04  5.e-05  0.e+00 -5.e-05 -5.e-05  5.e-05 -1.e-04  0.e+00  0.e+00
  5.e-05]|,|[-5.e-05  5.e-05  0.e+00  0.e+00  0.e+00 -5.e-05 -5.e-05 -5.e-05  1.e-04
  0.e+00]|,|[ 0.e+00  0.e+00 -1.e-04  5.e-05 -5.e-05  0.e+00  5.e-05 -5.e-05  0.e+00
 -5.e-05]|,|[ 0.e+00  5.e-05 -5.e-05  0.e+00  1.e-04 -5.e-05 -5.e-05 -5.e-05  5.e-05
 -1.e-04]|,|[ 0.e+00  1.e-04 -5.e-05  0.e+00 -5.e-05  0.e+00  0.e+00  0.e+00  0.e+00
  0.e+00]|,|[ 5.0e-05  5.0e-05 -1.5e-04  5.0e-05  0.0e+00  0.0e+00  0.0e+00 -1.0e-04
  0.0e+00  1.0e-04]|,|[-5.0e-05 -5.0e-05  5.0e-05  0.0e+00  0.0e+00  0.0e+00 -5.0e-05 -1.0e-04
 -3.6e-04  0.0e+00]|,|[ 0.0e+00  5.0e-05  5.0e-05  5.0e-05  5.0e-05  0.0e+00 -1.0e-04  0.0e+00
  0.0e+00 -1.5e-04]|,|[ 0.e+00  0.e+00  1.e-04 -1.e-04 -5.e-05  5.e-05  5.e-05 -5.e-05 -5.e-05
 -5.e-05]|,|[ 0.0e+00 -5.0e-05 -1.5e-04  1.0e-04 -5.0e-05 -5.0e-05 -5.0e-05  0.0e+00
  0.0e+00  0.0e+00]|,|[ 0.e+00 -5.e-05 -5.e-05  5.e-05  0.e+00 -1.e-04  5.e-05  0.e+00 -5.e-05
  5.e-05]|,|[-5.e-05  0.e+00 -5.e-05  5.e-05 -1.e-04  0.e+00 -1.e-04  0.e+00 -5.e-05
 -5.e-05]|,|[ 0.e+00 -1.e-04  0.e+00 -5.e-05  0.e+00  0.e+00 -5.e-05 -5.e-05 -5.e-05
  0.e+00]|,|[ 0.e+00 -1.e-04 -1.e-04  5.e-05  0.e+00  0.e+00 -5.e-05  5.e-05  0.e+00
 -5.e-05]|,|[-5.0e-05  0.0e+00 -5.0e-05  0.0e+00 -1.0e-04  0.0e+00 -5.0e-05 -2.6e-04
  0.0e+00 -1.0e-04]|,|[ 0.0e+00 -1.5e-04 -5.0e-05 -5.0e-05 -1.5e-04  0.0e+00 -5.0e-05 -1.0e-04
 -5.0e-05  0.0e+00]|,|[ 5.0e-05 -1.0e-04 -1.5e-04  0.0e+00 -1.0e-04 -1.0e-04 -5.0e-05  0.0e+00
 -1.5e-04  0.0e+00]|,|[ 0.e+00 -5.e-05 -5.e-05 -5.e-05  0.e+00 -5.e-05 -1.e-04  1.e-04  0.e+00
  0.e+00]|,|[-1.0e-04 -5.0e-05  0.0e+00 -5.0e-05 -5.0e-05  0.0e+00 -1.5e-04  0.0e+00
 -5.0e-05  0.0e+00]|,|[-5.e-05 -5.e-05 -5.e-05 -5.e-05  0.e+00 -5.e-05 -1.e-04  5.e-05  5.e-05
 -5.e-05]|,|[-5.e-05 -5.e-05 -5.e-05 -5.e-05 -5.e-05  0.e+00 -5.e-05 -1.e-04 -1.e-04
 -5.e-05]|,|[ 0.e+00 -5.e-05 -5.e-05  0.e+00  5.e-05 -1.e-04  5.e-05 -5.e-05 -1.e-04
 -1.e-04]|,|[-5.e-05 -5.e-05  0.e+00 -1.e-04  0.e+00  0.e+00 -5.e-05 -5.e-05 -5.e-05
 -5.e-05]|,|[-1.e-04  5.e-05 -1.e-04  1.e-04 -5.e-05 -1.e-04  0.e+00 -1.e-04  0.e+00
 -5.e-05]|,|[-5.0e-05 -5.0e-05 -5.0e-05 -5.0e-05 -5.0e-05 -1.5e-04 -5.0e-05 -5.0e-05
 -1.0e-04 -1.0e-04]|,|[-1.5e-04 -1.5e-04 -5.0e-05  0.0e+00 -1.0e-04  5.0e-05 -5.0e-05 -1.0e-04
 -5.0e-05 -5.0e-05]|,|[ 0.0e+00 -1.0e-04 -1.5e-04  0.0e+00 -1.0e-04 -5.0e-05 -5.0e-05 -5.0e-05
 -1.0e-04 -1.0e-04]|,|[-5.e-05 -1.e-04 -5.e-05  0.e+00 -1.e-04 -5.e-05 -1.e-04 -1.e-04  0.e+00
 -5.e-05]|,|[-1.0e-04 -5.0e-05 -1.5e-04  0.0e+00  0.0e+00 -5.0e-05 -5.0e-05 -1.0e-04
  0.0e+00 -1.0e-04]|,|[ 0.0e+00 -5.0e-05 -5.0e-05  0.0e+00 -1.0e-04 -1.0e-04 -1.0e-04 -1.0e-04
 -1.0e-04 -2.1e-04]|,|[-5.0e-05  0.0e+00 -1.0e-04  0.0e+00  5.0e-05 -1.0e-04  0.0e+00 -5.0e-05
 -1.5e-04 -2.1e-04]|,|[-1.0e-04  0.0e+00 -1.5e-04 -5.0e-05  0.0e+00 -1.5e-04 -5.0e-05 -5.0e-05
  5.0e-05 -1.0e-04]|,|[-5.0e-05 -1.0e-04 -2.1e-04 -1.0e-04 -1.0e-04 -5.0e-05 -5.0e-05 -1.0e-04
 -1.0e-04 -1.0e-04]|,|[-1.0e-04 -1.5e-04 -5.0e-05 -1.0e-04 -5.0e-05  0.0e+00 -1.0e-04 -1.0e-04
 -1.0e-04 -1.5e-04]|,|[-1.0e-04 -1.5e-04  0.0e+00 -5.0e-05  0.0e+00 -1.0e-04 -1.0e-04 -1.0e-04
 -5.0e-05 -1.0e-04]|,|[-5.0e-05 -5.0e-05 -1.0e-04 -1.0e-04 -1.0e-04 -5.0e-05 -5.0e-05 -1.0e-04
 -1.5e-04 -1.5e-04]|,|[-1.0e-04 -1.5e-04 -1.0e-04 -5.0e-05 -1.5e-04  0.0e+00 -1.0e-04 -1.5e-04
  0.0e+00 -5.0e-05]|,|[ 5.0e-05  5.0e-05  0.0e+00 -1.0e-04 -1.0e-04 -1.5e-04 -5.0e-05  1.0e-04
 -5.0e-05 -1.5e-04]|,|[-5.0e-05  0.0e+00 -2.1e-04 -1.0e-04 -1.0e-04 -1.0e-04 -5.0e-05 -5.0e-05
 -5.0e-05 -1.0e-04]|,|[-1.0e-04 -1.0e-04 -1.5e-04 -5.0e-05 -5.0e-05 -1.0e-04 -5.0e-05  0.0e+00
 -1.0e-04 -5.0e-05]|,|[ 0.0e+00 -1.0e-04 -1.0e-04 -5.0e-05 -1.5e-04 -1.0e-04 -5.0e-05 -1.0e-04
 -1.5e-04  5.0e-05]|,|[-2.1e-04 -1.0e-04 -1.0e-04 -5.0e-05 -1.0e-04  0.0e+00 -1.5e-04 -1.0e-04
 -5.0e-05  0.0e+00]|,|[-1.0e-04 -1.5e-04 -1.0e-04 -1.5e-04 -1.5e-04 -5.0e-05 -5.0e-05 -1.0e-04
 -1.0e-04 -1.5e-04]|,|[-5.0e-05 -5.0e-05 -5.0e-05 -5.0e-05 -1.5e-04 -1.0e-04 -1.5e-04 -5.0e-05
 -1.0e-04  1.5e-04]|,|[-1.0e-04 -5.0e-05 -1.0e-04 -5.0e-05 -1.0e-04  0.0e+00 -1.0e-04  0.0e+00
  0.0e+00 -1.5e-04]|,|[-5.0e-05 -1.0e-04 -1.5e-04 -2.1e-04 -1.5e-04 -2.1e-04 -5.0e-05 -1.0e-04
 -1.5e-04 -5.0e-05]|,|[-5.0e-05 -1.0e-04 -3.1e-04 -5.0e-05 -5.0e-05 -1.0e-04 -5.0e-05 -5.0e-05
 -2.6e-04 -1.0e-04]|,|[-1.0e-04 -5.0e-05 -1.0e-04 -1.5e-04 -1.0e-04  0.0e+00 -1.0e-04 -5.0e-05
  5.0e-05 -1.0e-04]|,|[ 0.0e+00 -5.0e-05 -1.5e-04 -1.0e-04 -1.0e-04 -1.5e-04 -1.0e-04 -1.5e-04
 -5.0e-05 -5.0e-05]|,|[-1.0e-04 -1.0e-04 -1.5e-04 -1.5e-04  0.0e+00 -1.0e-04 -1.0e-04 -1.0e-04
 -1.0e-04 -5.0e-05]|,|[-1.5e-04 -5.0e-05 -1.5e-04  0.0e+00 -1.0e-04 -2.1e-04 -1.0e-04 -1.0e-04
 -5.0e-05 -5.0e-05]|,|[-5.0e-05 -5.0e-05 -1.5e-04 -1.0e-04 -5.0e-05 -1.0e-04 -5.0e-05 -5.0e-05
  0.0e+00 -5.0e-05]|,|[-5.0e-05 -1.5e-04 -2.1e-04 -5.0e-05 -2.1e-04 -1.0e-04 -5.0e-05 -1.0e-04
 -1.0e-04 -5.0e-05]|,|[-1.0e-04 -5.0e-05  0.0e+00 -1.5e-04 -5.0e-05 -1.0e-04 -1.0e-04 -5.0e-05
 -1.5e-04 -5.0e-05]|,|[ 5.0e-05 -1.5e-04 -1.0e-04 -1.0e-04 -5.0e-05 -1.0e-04 -5.0e-05 -5.0e-05
 -5.0e-05 -1.5e-04]|,|[-1.5e-04 -5.0e-05 -2.1e-04 -1.0e-04 -1.5e-04 -1.0e-04  0.0e+00 -1.5e-04
  5.0e-05 -2.1e-04]|,|[-5.e-05 -5.e-05 -5.e-05 -5.e-05 -1.e-04 -1.e-04 -1.e-04  0.e+00 -1.e-04
 -1.e-04]|,|[-1.0e-04 -1.0e-04 -1.0e-04 -1.0e-04 -1.5e-04 -5.0e-05 -5.0e-05 -1.0e-04
 -1.0e-04 -1.5e-04]|,|[-5.0e-05 -5.0e-05 -1.5e-04 -5.0e-05 -1.0e-04 -1.5e-04 -1.0e-04 -1.5e-04
 -1.0e-04 -1.5e-04]|,|[-1.0e-04 -5.0e-05 -5.0e-05 -1.5e-04 -1.0e-04 -1.0e-04 -1.0e-04 -1.5e-04
 -1.5e-04 -1.0e-04]|,|[-0.00015 -0.00015 -0.00021 -0.00021 -0.0001  -0.0001  -0.0001  -0.00015
 -0.00015 -0.0001 ]|,|[-2.1e-04 -1.0e-04 -5.0e-05 -1.5e-04  0.0e+00 -1.0e-04 -5.0e-05 -1.0e-04
 -5.0e-05 -1.5e-04]|,|[-5.0e-05 -5.0e-05 -2.1e-04 -1.0e-04 -1.5e-04 -2.1e-04 -5.0e-05 -5.0e-05
 -5.0e-05 -1.5e-04]|,|[-5.0e-05 -2.1e-04 -5.0e-05 -5.0e-05 -1.5e-04 -5.0e-05 -1.0e-04 -5.0e-05
 -1.0e-04 -1.0e-04]|,|[-5.0e-05 -1.5e-04 -1.5e-04 -1.0e-04 -1.5e-04 -1.5e-04 -5.0e-05 -5.0e-05
 -1.0e-04 -5.0e-05]|,|[-1.0e-04 -5.0e-05 -1.0e-04 -5.0e-05 -1.5e-04 -1.0e-04 -5.0e-05 -1.5e-04
 -1.5e-04 -5.0e-05]|,|[-0.00015 -0.0001  -0.00015 -0.00026 -0.0001  -0.00026 -0.0001   0.
 -0.00021 -0.00015]|,|[-2.1e-04 -1.5e-04 -1.0e-04 -1.5e-04 -5.0e-05 -1.0e-04 -1.0e-04 -2.1e-04
 -1.5e-04 -1.0e-04]|,|[-1.0e-04 -1.5e-04 -5.0e-05 -1.5e-04 -1.0e-04 -1.5e-04 -2.1e-04 -1.0e-04
 -1.5e-04 -1.5e-04]|,|[-3.1e-04 -1.5e-04 -1.0e-04 -1.0e-04  5.0e-05 -2.6e-04 -1.5e-04 -1.5e-04
 -5.0e-05 -1.0e-04]|,|[-0.00015 -0.00026 -0.00015 -0.00015 -0.00021 -0.00015 -0.00015 -0.00021
 -0.00015 -0.0001 ]|,|[-1.0e-04 -5.0e-05 -1.0e-04 -2.1e-04 -1.5e-04 -1.5e-04 -1.0e-04 -5.0e-05
 -1.5e-04 -1.5e-04]|,|[-1.5e-04 -1.0e-04 -1.5e-04 -1.0e-04 -1.0e-04 -1.5e-04 -1.0e-04 -1.0e-04
 -5.0e-05 -5.0e-05]|,|[-1.0e-04 -5.0e-05 -1.0e-04 -1.0e-04  5.0e-05 -1.0e-04 -1.5e-04 -5.0e-05
 -1.5e-04 -1.0e-04]|,|[-5.0e-05 -1.0e-04 -2.1e-04 -1.0e-04 -1.5e-04 -1.5e-04 -5.0e-05 -1.5e-04
 -1.5e-04 -2.6e-04]|,|[-5.0e-05 -1.0e-04 -2.1e-04 -1.0e-04 -1.5e-04 -3.1e-04 -1.0e-04 -2.6e-04
 -1.0e-04 -1.5e-04]|,|[-1.0e-04 -1.0e-04 -1.5e-04 -1.5e-04 -1.5e-04 -2.1e-04 -1.5e-04 -5.0e-05
 -1.5e-04 -1.5e-04]|,|[-0.0001  -0.00021 -0.00015 -0.00021 -0.0001  -0.00015 -0.0001  -0.00021
 -0.00015 -0.00021]|,|[-0.00021 -0.00015 -0.0001  -0.00015 -0.00015 -0.00015 -0.00015 -0.00021
 -0.00015 -0.00015]|,|[-5.0e-05 -1.0e-04 -1.5e-04 -2.1e-04 -1.0e-04 -2.1e-04 -2.1e-04 -1.0e-04
 -1.0e-04 -1.0e-04]|,|[-0.0001  -0.00015 -0.00015 -0.0001  -0.00026 -0.0001  -0.00015 -0.00015
 -0.00021 -0.00015]|,|[-5.0e-05 -1.0e-04 -2.1e-04 -1.0e-04 -1.5e-04 -2.1e-04 -5.0e-05 -2.1e-04
 -1.5e-04 -1.0e-04]|,|[-5.0e-05 -1.5e-04 -1.5e-04 -1.0e-04 -2.1e-04 -5.0e-05 -5.0e-05 -2.1e-04
 -1.0e-04 -1.5e-04]|,|[-1.5e-04 -1.0e-04 -5.0e-05 -1.0e-04 -1.5e-04 -5.0e-05 -2.1e-04 -2.1e-04
 -1.0e-04 -1.0e-04]|,|[-1.5e-04 -5.0e-05 -1.0e-04 -1.5e-04 -1.0e-04 -1.5e-04 -1.5e-04 -1.5e-04
 -1.0e-04 -2.1e-04]|,|[-0.00021 -0.00021 -0.00015 -0.0001  -0.00021 -0.00015 -0.00015 -0.00015
 -0.00015 -0.00015]|,|[-1.0e-04 -1.5e-04 -1.0e-04 -1.0e-04 -5.0e-05 -2.6e-04 -1.5e-04 -1.5e-04
 -5.0e-05 -1.5e-04]|,|[-5.0e-05 -1.0e-04 -1.5e-04 -1.0e-04 -1.5e-04 -1.5e-04 -5.0e-05 -1.5e-04
 -5.0e-05 -5.0e-05]|,|[-2.6e-04 -1.0e-04 -2.1e-04 -1.0e-04 -1.0e-04 -1.0e-04 -1.0e-04 -1.0e-04
 -1.5e-04 -5.0e-05]|,|[-0.00021 -0.00021 -0.00015 -0.00021 -0.00015 -0.00015 -0.0001  -0.00015
 -0.00026 -0.0001 ]|,|[-0.00015 -0.00021 -0.00015 -0.00021 -0.00021 -0.00021 -0.00015 -0.0001
 -0.0001  -0.00021]|,|[-0.00015 -0.00015 -0.00021 -0.00026 -0.00021 -0.00015 -0.00015 -0.00015
 -0.00015 -0.00026]|,|[-0.00021 -0.00021 -0.0001  -0.00015 -0.0001  -0.0001  -0.00026 -0.00021
 -0.00015 -0.0001 ]|,|[-0.00021 -0.00015 -0.00015 -0.00015  0.0001  -0.00026 -0.00021 -0.0001
 -0.00021 -0.00021]|,|[-1.0e-04 -1.0e-04 -2.1e-04 -1.5e-04 -1.5e-04 -2.1e-04 -5.0e-05 -2.1e-04
 -1.0e-04 -5.0e-05]|,|[-1.5e-04 -1.0e-04 -2.6e-04 -5.0e-05 -1.5e-04 -2.6e-04 -1.0e-04 -1.0e-04
 -1.5e-04 -2.1e-04]|,|[-0.00015 -0.0001  -0.00015 -0.00021 -0.0001  -0.0001  -0.00021 -0.00021
 -0.00021 -0.00026]|,|[-0.00026 -0.0001  -0.00021 -0.00015 -0.00015 -0.00021 -0.00015 -0.0001
 -0.0001  -0.00015]|,|[-0.00021 -0.00021 -0.00021 -0.00015 -0.00021 -0.0001  -0.00026 -0.00021
 -0.0001  -0.00021]|,|[-0.00021 -0.00015 -0.00021 -0.00021 -0.0001  -0.00026 -0.00015 -0.00036
 -0.00015 -0.00021]|,|[-0.00015 -0.00021 -0.00015 -0.0001  -0.00021 -0.0001  -0.00021 -0.00015
 -0.00026 -0.00021]|,|[-2.1e-04 -1.5e-04 -5.0e-05 -1.5e-04 -2.1e-04 -1.5e-04 -1.5e-04 -2.6e-04
 -1.0e-04 -1.5e-04]|,|[-0.00015 -0.00021 -0.00021 -0.00021 -0.00021 -0.00021 -0.0001  -0.00015
 -0.00021 -0.00026]|,|[-1.0e-04 -2.1e-04 -2.1e-04 -5.0e-05 -2.1e-04 -2.1e-04 -1.0e-04 -3.1e-04
 -1.5e-04 -1.0e-04]|,|[-0.00021 -0.00031 -0.00015 -0.00015 -0.0001  -0.00015 -0.00015 -0.00015
 -0.00021 -0.00015]|,|[-0.0001  -0.00026 -0.00026 -0.0001  -0.00026 -0.00015 -0.00015 -0.00026
 -0.0001  -0.0001 ]|,|[-2.6e-04 -1.0e-04 -1.5e-04 -2.6e-04 -5.0e-05 -1.5e-04 -3.1e-04 -1.5e-04
 -1.0e-04 -2.1e-04]|,|[-0.0001  -0.00026 -0.00021 -0.00015 -0.00026 -0.0001  -0.00015 -0.00021
 -0.00021 -0.00015]|,|[-0.00015 -0.00015 -0.00021 -0.00021 -0.0001  -0.00015 -0.00026 -0.00021
 -0.0001  -0.00015]|,|[-0.00026 -0.00015 -0.00015 -0.00026 -0.00021 -0.00021 -0.00026 -0.00021
 -0.00015 -0.00015]|,|[-0.00021 -0.00021 -0.0001  -0.00015 -0.00031 -0.0001  -0.00026 -0.00015
 -0.00021 -0.00021]|,|[-5.0e-05 -1.5e-04 -2.1e-04 -2.1e-04 -1.5e-04 -1.5e-04 -2.1e-04 -1.5e-04
 -1.5e-04 -1.5e-04]|,|[-0.00015 -0.00021 -0.0001  -0.00021 -0.00015 -0.00021 -0.00026 -0.00021
 -0.00021 -0.00026]|,|[-0.00026 -0.00015  0.      -0.00015  0.      -0.00021 -0.00015 -0.00021
 -0.00015 -0.00026]|,|[-1.5e-04 -1.5e-04 -2.1e-04 -1.5e-04 -1.0e-04 -2.1e-04 -1.5e-04 -5.0e-05
 -2.1e-04 -2.1e-04]|,|[-2.1e-04 -1.5e-04 -2.1e-04 -2.1e-04 -5.0e-05 -5.0e-05 -3.1e-04 -2.1e-04
 -1.5e-04 -1.5e-04]|,|[-0.00026 -0.00021 -0.00015 -0.0001  -0.00015 -0.00031 -0.00021 -0.0001
 -0.00021 -0.00031]|,|[-2.1e-04 -1.5e-04 -2.6e-04 -1.0e-04 -1.5e-04 -2.1e-04 -5.0e-05 -3.1e-04
 -2.6e-04 -2.1e-04]|,|[-1.0e-04 -2.1e-04 -2.1e-04 -1.5e-04 -1.5e-04 -2.1e-04 -5.0e-05 -1.5e-04
 -2.1e-04 -1.5e-04]|,|[-0.00015 -0.00031 -0.00015 -0.00021 -0.00015 -0.00021 -0.00026 -0.00021
 -0.00015 -0.0001 ]|,|[-0.00021 -0.00021 -0.00015 -0.00031 -0.0001  -0.0001  -0.00021 -0.00026
 -0.00015 -0.00026]|,|[-0.00015 -0.00021 -0.00031 -0.0001  -0.00021 -0.00021 -0.00015 -0.00015
 -0.00031 -0.00015]|,|[-0.00036 -0.00015 -0.00026 -0.00015 -0.00015 -0.00021 -0.00015 -0.0001
 -0.0001  -0.00026]|,|[-0.00015 -0.00026 -0.0001  -0.00021 -0.00021 -0.00021 -0.00015 -0.00021
 -0.00021 -0.00015]|,|[-0.00015 -0.00015 -0.00015 -0.00015 -0.00031 -0.00015 -0.0001  -0.00021
 -0.0001  -0.00021]|,|[-0.00015 -0.00031 -0.00021 -0.00026 -0.00021 -0.00021 -0.00026 -0.00026
 -0.0001  -0.00021]|,|[-0.00015 -0.00026 -0.00021 -0.00015 -0.00015 -0.00015 -0.00015 -0.00026
 -0.00015 -0.0001 ]|,|[-0.00015 -0.00015 -0.00026 -0.0001  -0.00021 -0.00026  0.      -0.00026
 -0.00015 -0.00015]|,|[-0.00021 -0.00031 -0.00026 -0.00015 -0.00021 -0.00026 -0.00015 -0.00021
 -0.0001  -0.00021]|,|[-5.0e-05 -1.0e-04 -1.5e-04 -2.6e-04 -2.6e-04 -2.1e-04 -2.6e-04 -1.0e-04
 -1.5e-04 -2.6e-04]|,|[-0.00015 -0.00026 -0.00026 -0.0001  -0.00031 -0.00015 -0.00021 -0.00015
 -0.00015 -0.00026]|,|[-0.00021 -0.00021 -0.00021 -0.00021 -0.00021 -0.00015 -0.00026 -0.00026
 -0.0001  -0.00021]|,|[-0.00015 -0.00015 -0.00015 -0.00015 -0.00026 -0.00021 -0.00021 -0.00015
 -0.0001  -0.00026]|,|[-5.0e-05 -1.5e-04 -2.6e-04 -5.0e-05 -2.1e-04 -1.5e-04 -1.5e-04 -1.5e-04
 -2.1e-04 -1.5e-04]|,|[-0.00026 -0.00021 -0.0001  -0.00021 -0.0001  -0.00021 -0.00026 -0.00021
 -0.00015 -0.00015]|,|[-1.5e-04 -2.1e-04 -1.5e-04 -1.5e-04 -1.5e-04 -5.0e-05 -2.6e-04 -2.6e-04
 -1.5e-04 -1.5e-04]|,|[-2.1e-04 -2.1e-04 -2.1e-04 -1.0e-04 -1.5e-04  5.0e-05 -2.1e-04 -2.1e-04
 -1.0e-04 -1.0e-04]|,|[-0.00015 -0.00021 -0.0001  -0.0001  -0.00015 -0.0001  -0.00015 -0.0001
 -0.00015 -0.0001 ]|,|[-1.0e-04 -1.5e-04 -5.0e-05 -3.6e-04 -5.0e-05 -1.0e-04 -5.0e-05 -2.1e-04
 -1.5e-04 -1.5e-04]|,|[-1.0e-04 -1.5e-04 -1.5e-04 -1.0e-04 -1.5e-04 -1.5e-04 -5.0e-05 -1.0e-04
 -1.5e-04  5.0e-05]|,|[-1.5e-04  1.0e-04 -1.5e-04 -1.0e-04 -1.0e-04 -1.0e-04 -1.5e-04 -5.0e-05
 -2.1e-04 -2.1e-04]|,|[-1.e-04 -1.e-04  0.e+00 -1.e-04 -5.e-05 -5.e-05 -5.e-05 -5.e-05 -5.e-05
 -1.e-04]|,|[-1.0e-04 -1.0e-04  0.0e+00 -5.0e-05  5.0e-05 -5.0e-05  0.0e+00 -1.0e-04
 -5.0e-05  1.5e-04]|,|[-5.e-05 -1.e-04  1.e-04  0.e+00  0.e+00 -5.e-05 -5.e-05 -1.e-04  0.e+00
 -1.e-04]|,|[ 5.e-05  0.e+00  1.e-04  0.e+00  1.e-04  5.e-05  0.e+00 -5.e-05  5.e-05
  0.e+00]|,|[5.0e-05 5.0e-05 1.0e-04 1.0e-04 2.6e-04 5.0e-05 1.0e-04 5.0e-05 1.5e-04
 1.0e-04]|,|[0.00015 0.0001  0.00026 0.00015 0.00031 0.00026 0.0001  0.00026 0.00021
 0.00015]|,|[0.00031 0.00031 0.00021 0.00036 0.00026 0.00021 0.00031 0.00026 0.00026
 0.00031]|,|[0.00031 0.00036 0.00036 0.00036 0.00041 0.00051 0.00031 0.00036 0.00051
 0.00036]|,|[0.00041 0.00041 0.00057 0.00046 0.00057 0.00051 0.00051 0.00046 0.00046
 0.00046]|,|[0.00062 0.00062 0.00057 0.00062 0.00062 0.00057 0.00072 0.00067 0.00067
 0.00057]|,|[0.00077 0.00082 0.00082 0.00082 0.00077 0.00087 0.00077 0.00082 0.00082
 0.00087]|,|[0.00113 0.00103 0.00108 0.00093 0.00098 0.00113 0.00098 0.00103 0.00098
 0.00098]|,|[0.00118 0.00124 0.00124 0.00129 0.00134 0.00129 0.00118 0.00124 0.00129
 0.00124]|,|[0.00149 0.00149 0.00139 0.00144 0.00144 0.00139 0.00149 0.00144 0.00139
 0.00144]|,|[0.0017  0.0018  0.0017  0.00175 0.00185 0.0019  0.0018  0.0017  0.00185
 0.00175]|,|[0.00201 0.00196 0.00196 0.00206 0.00196 0.00196 0.00211 0.00201 0.00196
 0.00206]|,|[0.00237 0.00232 0.00232 0.00237 0.00237 0.00232 0.00232 0.00237 0.00237
 0.00226]|,|[0.00262 0.00262 0.00221 0.00262 0.00268 0.00268 0.00257 0.00268 0.00262
 0.00257]|,|[0.00298 0.00288 0.00304 0.00314 0.00298 0.00304 0.00298 0.00304 0.00304
 0.00304]|,|[0.00298 0.00288 0.00298 0.00298 0.00298 0.00293 0.00293 0.00293 0.00283
 0.00288]|,|[0.00314 0.00314 0.00324 0.00319 0.00324 0.00324 0.00319 0.00319 0.00319
 0.00319]|,|[0.0035  0.00345 0.00345 0.0035  0.00345 0.0034  0.0035  0.00345 0.0036
 0.00345]|,|[0.00463 0.00463 0.00458 0.00458 0.00458 0.00458 0.00463 0.00453 0.00453
 0.00458]|,|[0.00494 0.00494 0.00494 0.00499 0.00499 0.00499 0.00499 0.00499 0.00489
 0.00494]|,|[0.00504 0.00515 0.00504 0.00515 0.0051  0.0051  0.00499 0.00504 0.0052
 0.00515]|,|[0.00597 0.00592 0.00618 0.00607 0.00607 0.00607 0.00597 0.00597 0.00602
 0.00612]|,|[0.00633 0.00623 0.00643 0.00633 0.00648 0.00628 0.00633 0.00633 0.00638
 0.00633]|,|[0.00618 0.00612 0.00623 0.00618 0.00618 0.00633 0.00618 0.00623 0.00612
 0.00602]|,|[0.007   0.0069  0.00695 0.00695 0.00695 0.00695 0.00684 0.007   0.0069
 0.00679]|,|[0.0071  0.00705 0.0071  0.007   0.00715 0.00695 0.00705 0.00705 0.00705
 0.00705]|,|[0.00782 0.00777 0.00772 0.00777 0.00782 0.00772 0.00782 0.00787 0.00777
 0.00787]|,|[0.00798 0.00829 0.00829 0.00823 0.00818 0.00813 0.00823 0.00818 0.00818
 0.00818]|,|[0.00849 0.00849 0.00854 0.00844 0.0087  0.00865 0.00865 0.00854 0.00854
 0.00859]|,|[0.00926 0.00926 0.00947 0.00947 0.00932 0.00926 0.00937 0.00947 0.00942
 0.00937]|,|[0.00968 0.00978 0.00978 0.00968 0.00978 0.00983 0.00978 0.00983 0.00968
 0.00973]|,|[0.01014 0.01019 0.01004 0.01019 0.01019 0.01014 0.01014 0.01029 0.01024
 0.01029]|,|[0.0104  0.01034 0.0104  0.01045 0.0105  0.0104  0.01045 0.01034 0.0104
 0.01029]|,|[0.01076 0.01091 0.01081 0.01091 0.01096 0.01091 0.01086 0.01096 0.01091
 0.01096]|,|[0.01143 0.01132 0.01127 0.01127 0.01132 0.01132 0.01132 0.01127 0.01122
 0.01132]|,|[0.01173 0.01163 0.01173 0.01179 0.01179 0.01184 0.01179 0.01173 0.01179
 0.01173]|,|[0.01225 0.0122  0.01225 0.01225 0.0122  0.01215 0.01235 0.0123  0.01225
 0.0123 ]|,|[0.01261 0.01271 0.01266 0.01276 0.01271 0.01271 0.01271 0.01261 0.01281
 0.01271]|,|[0.01318 0.01318 0.01318 0.01323 0.01328 0.01318 0.01328 0.01312 0.01318
 0.01318]|,|[0.01354 0.01354 0.01364 0.01359 0.01354 0.01359 0.01348 0.01359 0.01354
 0.01359]|,|[0.01426 0.01431 0.01451 0.01431 0.01446 0.01441 0.01436 0.0142  0.01441
 0.01436]|,|[0.01441 0.01446 0.01436 0.0142  0.01467 0.01467 0.01477 0.01477 0.01477
 0.01472]|,|[0.01508 0.01503 0.01503 0.01508 0.01503 0.01503 0.01487 0.01508 0.01498
 0.01498]|,|[0.01544 0.01544 0.01544 0.01554 0.01534 0.01554 0.01544 0.01544 0.01549
 0.01549]|,|[0.01601 0.0159  0.01585 0.01595 0.01595 0.01601 0.01595 0.01595 0.01601
 0.01601]|,|[0.01631 0.01626 0.01637 0.01631 0.01626 0.01626 0.01631 0.01626 0.01637
 0.01626]|,|[0.0176  0.0177  0.0177  0.0177  0.01765 0.01776 0.0177  0.0175  0.01765
 0.01765]|,|[0.01812 0.01812 0.01806 0.01817 0.01812 0.01812 0.01812 0.01812 0.01812
 0.01812]|,|[0.01817 0.01806 0.01822 0.01806 0.01832 0.01827 0.01827 0.01827 0.01817
 0.01812]|,|[0.01873 0.01884 0.01884 0.01889 0.01878 0.01884 0.01889 0.01899 0.01889
 0.01889]|,|[0.0192  0.0192  0.0193  0.01925 0.0193  0.0194  0.0192  0.01925 0.01925
 0.01925]|,|[0.01987 0.01981 0.01976 0.01981 0.01981 0.01981 0.01981 0.01981 0.01981
 0.01966]|,|[0.01992 0.01987 0.01981 0.01976 0.01935 0.01945 0.01945 0.01935 0.0194
 0.01935]|,|[0.01806 0.01801 0.01806 0.01812 0.01801 0.01806 0.01806 0.01806 0.01796
 0.01796]|,|[0.01848 0.01842 0.01832 0.01842 0.01842 0.01842 0.01853 0.01853 0.01848
 0.01848]|,|[0.02131 0.0212  0.02131 0.02136 0.02141 0.02131 0.02136 0.0212  0.02126
 0.02141]|,|[0.01961 0.01971 0.01976 0.01961 0.01976 0.01966 0.01961 0.01966 0.01971
 0.01971]|,|[0.02059 0.02053 0.02048 0.02059 0.02053 0.02059 0.02048 0.02059 0.02048
 0.02053]|,|[0.02244 0.02244 0.02244 0.02254 0.02239 0.02249 0.02239 0.02244 0.02254
 0.02239]|,|[0.023   0.02311 0.023   0.02295 0.02316 0.02306 0.02306 0.02306 0.02306
 0.02311]|,|[0.02321 0.02326 0.02316 0.02311 0.02316 0.02326 0.02321 0.02316 0.02321
 0.02321]|,|[0.02373 0.02357 0.02367 0.02362 0.02362 0.02367 0.02357 0.02362 0.02357
 0.02367]|,|[0.02445 0.02439 0.02429 0.02434 0.02434 0.02434 0.02434 0.02445 0.02429
 0.02429]|,|[0.02501 0.02512 0.02506 0.02506 0.02496 0.02506 0.02506 0.02506 0.02506
 0.02506]|,|[0.02578 0.02594 0.02584 0.02584 0.02578 0.02578 0.02589 0.02584 0.02594
 0.02589]|,|[0.02635 0.0264  0.0263  0.02625 0.02635 0.02625 0.0264  0.02645 0.02635
 0.02645]|,|[0.02697 0.02697 0.02702 0.02686 0.02697 0.02702 0.02692 0.02686 0.02702
 0.02702]|,|[0.02733 0.02728 0.02743 0.02728 0.02733 0.02733 0.02733 0.02738 0.02728
 0.02733]|,|[0.02784 0.02784 0.02789 0.02795 0.02784 0.02795 0.02784 0.02774 0.028
 0.02795]|,|[0.02831 0.02836 0.02836 0.02831 0.02825 0.02831 0.02825 0.02831 0.02831
 0.02825]|,|[0.02892 0.02887 0.02887 0.02882 0.02897 0.02892 0.02887 0.02887 0.02882
 0.02897]|,|[0.02939 0.02934 0.02928 0.02939 0.02928 0.02934 0.02923 0.02918 0.02923
 0.02923]|,|[0.02959 0.02975 0.02959 0.0299  0.0297  0.02964 0.02975 0.02954 0.02949
 0.02959]|,|[0.03078 0.03083 0.03078 0.03083 0.03078 0.03067 0.03067 0.03072 0.03083
 0.03072]|,|[0.03108 0.03119 0.03119 0.03108 0.03119 0.03119 0.03124 0.03124 0.03114
 0.03119]|,|[0.03201 0.03196 0.03191 0.03206 0.03201 0.03201 0.03191 0.03201 0.03191
 0.03206]|,|[0.03253 0.03237 0.03237 0.03258 0.03237 0.03242 0.03247 0.03232 0.03237
 0.03247]|,|[0.03309 0.03304 0.03289 0.03294 0.03299 0.03299 0.03309 0.03299 0.03299
 0.03304]|,|[0.0334  0.0334  0.0334  0.03345 0.03345 0.0334  0.03345 0.03335 0.0335
 0.03345]|,|[0.03402 0.03397 0.03402 0.03392 0.03407 0.03402 0.03402 0.03402 0.03402
 0.03407]|,|[0.03453 0.03453 0.03438 0.03464 0.03448 0.03458 0.03458 0.03458 0.03453
 0.03448]|,|[0.03494 0.03505 0.035   0.0351  0.0351  0.03494 0.03505 0.0351  0.03505
 0.03489]|,|[0.03536 0.03541 0.03525 0.03541 0.03536 0.03536 0.03536 0.03541 0.03531
 0.03541]|,|[0.03613 0.03597 0.03587 0.03592 0.03608 0.03597 0.03608 0.03597 0.03603
 0.03592]|,|[0.03639 0.03633 0.03639 0.03644 0.03639 0.03644 0.03639 0.03633 0.03633
 0.03644]|,|[0.03695 0.03695 0.03695 0.0368  0.0369  0.0369  0.0368  0.03695 0.03695
 0.03685]|,|[0.03742 0.03736 0.03726 0.03742 0.03736 0.03721 0.03736 0.03736 0.03736
 0.03742]|,|[0.03783 0.03798 0.03793 0.03783 0.03788 0.03803 0.03783 0.03788 0.03803
 0.03788]|,|[0.03844 0.03834 0.03834 0.03844 0.03844 0.03844 0.03839 0.03844 0.03839
 0.03844]|,|[0.0388  0.03886 0.03891 0.03886 0.03886 0.03891 0.0388  0.0388  0.03886
 0.03886]|,|[0.03947 0.03947 0.03947 0.03937 0.03958 0.03947 0.03947 0.03953 0.03947
 0.03942]|,|[0.03989 0.03983 0.03983 0.03989 0.03989 0.03994 0.03994 0.03983 0.03989
 0.03989]|,|[0.04035 0.04045 0.04045 0.04035 0.04035 0.0404  0.04045 0.04035 0.04035
 0.04035]|,|[0.04081 0.04081 0.04086 0.04071 0.04081 0.04081 0.04076 0.04081 0.04086
 0.04071]|,|[0.04133 0.04138 0.04133 0.04143 0.04133 0.04133 0.04128 0.04128 0.04148
 0.04138]|,|[0.04174 0.04189 0.04189 0.04164 0.04184 0.04184 0.04174 0.04184 0.04179
 0.04179]|,|[0.04241 0.04236 0.04241 0.04241 0.04236 0.04236 0.04241 0.04246 0.04236
 0.0423 ]|,|[0.04272 0.04292 0.04292 0.04282 0.04282 0.04287 0.04282 0.04287 0.04287
 0.04277]|,|[0.04333 0.04328 0.04318 0.04323 0.04328 0.04333 0.04328 0.04328 0.04323
 0.04328]|,|[0.03973 0.03983 0.03978 0.03968 0.03973 0.03968 0.03983 0.03983 0.03978
 0.03978]|,|[0.04025 0.04019 0.04014 0.0403  0.04019 0.04019 0.04019 0.04025 0.04025
 0.04025]|,|[0.04061 0.04055 0.04055 0.04055 0.04061 0.0405  0.04055 0.04055 0.04061
 0.04061]|,|[0.04107 0.04102 0.04102 0.04102 0.04107 0.04112 0.04102 0.04091 0.04112
 0.04107]|,|[0.04148 0.04148 0.04153 0.04148 0.04158 0.04153 0.04148 0.04148 0.04148
 0.04143]|,|[0.04205 0.04184 0.04184 0.0421  0.04174 0.04189 0.04189 0.04189 0.04184
 0.04184]|,|[0.04236 0.04225 0.04225 0.04236 0.04236 0.0423  0.0423  0.04236 0.04236
 0.04236]|,|[0.04272 0.04261 0.04272 0.04266 0.04272 0.04266 0.04266 0.04261 0.04266
 0.04277]|,|[0.04313 0.04313 0.04308 0.04313 0.04313 0.04318 0.04308 0.04308 0.04308
 0.04313]|,|[0.04359 0.04344 0.04349 0.04339 0.04339 0.04344 0.04339 0.04344 0.04344
 0.04328]|,|[0.04421 0.04416 0.04416 0.04426 0.04395 0.04421 0.04426 0.04421 0.04416
 0.04426]|,|[0.04452 0.04462 0.04472 0.04467 0.04472 0.04472 0.04457 0.04467 0.04472
 0.04462]|,|[0.04493 0.04493 0.04488 0.04503 0.04488 0.04508 0.04498 0.04493 0.04508
 0.04498]|,|[0.04539 0.04534 0.04539 0.04529 0.04539 0.04534 0.04539 0.04534 0.04534
 0.04534]|
