[0.0016 0.001  0.0016 0.0016 0.001  0.0021 0.0016 0.0016 0.0016 0.0021],[0.0094 0.0099 0.0099 0.0104 0.0099 0.0104 0.0104 0.0104 0.0104 0.011 ],[0.0214 0.0214 0.0209 0.0214 0.0214 0.0214 0.0219 0.0219 0.0219 0.0219],[0.0303 0.0308 0.0303 0.0308 0.0308 0.0303 0.0303 0.0303 0.0303 0.0303],[0.0407 0.0402 0.0413 0.0413 0.0413 0.0407 0.0413 0.0407 0.0407 0.0407],[0.0496 0.0501 0.0496 0.0507 0.0501 0.0496 0.0501 0.0496 0.0496 0.0501],[0.0616 0.0616 0.0616 0.0616 0.0616 0.0616 0.0622 0.0622 0.0616 0.0616],[0.07   0.071  0.0705 0.07   0.071  0.071  0.071  0.0716 0.071  0.071 ],[0.081  0.0815 0.0815 0.081  0.081  0.081  0.0815 0.0815 0.0815 0.081 ],[0.0898 0.0909 0.0909 0.0904 0.0898 0.0898 0.0893 0.0904 0.0904 0.0904],[0.1019 0.1013 0.1008 0.1013 0.1013 0.1008 0.1024 0.1008 0.1013 0.1013],[0.1102 0.1102 0.1102 0.1102 0.1107 0.1097 0.1102 0.1107 0.1107 0.1097],[0.1207 0.1212 0.1212 0.1212 0.1201 0.1212 0.1207 0.1207 0.1212 0.1212],[0.1295 0.1295 0.1301 0.1301 0.1301 0.1295 0.1295 0.1301 0.1301 0.1301],[0.1421 0.1416 0.1416 0.1416 0.1421 0.1416 0.1421 0.1416 0.1416 0.1416],[0.152  0.152  0.1525 0.152  0.1525 0.152  0.1531 0.152  0.1525 0.1525],[0.1614 0.1609 0.1604 0.1609 0.1614 0.1614 0.1614 0.1614 0.1614 0.1614],[0.1724 0.1724 0.1724 0.1724 0.1724 0.1724 0.1724 0.1724 0.1724 0.1729],[0.1807 0.1807 0.1813 0.1813 0.1813 0.1813 0.1807 0.1813 0.1813 0.1807],[0.1917 0.1922 0.1917 0.1922 0.1917 0.1917 0.1917 0.1917 0.1917 0.1922],[0.2006 0.2006 0.2006 0.2011 0.2001 0.2006 0.2006 0.2006 0.2006 0.2006],[0.2116 0.2126 0.2121 0.2126 0.2126 0.2126 0.2131 0.2126 0.2126 0.2126],[0.2215 0.2215 0.222  0.2215 0.2215 0.222  0.2215 0.221  0.2215 0.2215],[0.2319 0.2319 0.2319 0.2314 0.2319 0.2319 0.2319 0.2319 0.2319 0.2319],[0.2424 0.2424 0.2424 0.2429 0.2424 0.2419 0.2424 0.2429 0.2429 0.2424],[0.2471 0.246  0.2466 0.2466 0.2466 0.2471 0.2466 0.2471 0.2466 0.2466],[0.256  0.2549 0.2554 0.2554 0.2549 0.2554 0.2554 0.2554 0.2554 0.2554],[0.2675 0.2669 0.2675 0.2675 0.2675 0.2675 0.2675 0.2669 0.2675 0.2675],[0.2758 0.2758 0.2763 0.2758 0.2758 0.2758 0.2763 0.2763 0.2763 0.2763],[0.2868 0.2868 0.2868 0.2863 0.2868 0.2868 0.2868 0.2868 0.2863 0.2868],[0.2983 0.2983 0.2983 0.2988 0.2983 0.2988 0.2983 0.2983 0.2978 0.2988],[0.3072 0.3072 0.3066 0.3072 0.3072 0.3072 0.3072 0.3072 0.3072 0.3066],[0.3171 0.3171 0.3176 0.3171 0.3171 0.3171 0.3171 0.3176 0.3176 0.3171],[0.326  0.326  0.3265 0.326  0.3265 0.3265 0.326  0.326  0.326  0.326 ],[0.338 0.338 0.338 0.338 0.338 0.338 0.338 0.338 0.338 0.338],[0.3474 0.3469 0.3469 0.3469 0.3469 0.3474 0.3469 0.3474 0.3474 0.3474],[0.3573 0.3578 0.3578 0.3573 0.3578 0.3578 0.3573 0.3573 0.3578 0.3573],[0.3667 0.3667 0.3667 0.3662 0.3667 0.3662 0.3667 0.3662 0.3662 0.3662],[0.3777 0.3777 0.3777 0.3782 0.3777 0.3772 0.3777 0.3777 0.3777 0.3777],[0.3866 0.3866 0.386  0.3866 0.386  0.3866 0.386  0.3866 0.386  0.3866],[0.3965 0.3965 0.397  0.397  0.397  0.3965 0.3965 0.3965 0.3965 0.3965],[0.4054 0.4059 0.4059 0.4064 0.4059 0.4059 0.4054 0.4059 0.4059 0.4059],[0.4179 0.4174 0.4179 0.4179 0.4174 0.4179 0.4179 0.4179 0.4179 0.4179],[0.4278 0.4283 0.4283 0.4283 0.4283 0.4278 0.4283 0.4283 0.4283 0.4283],[0.4372 0.4367 0.4372 0.4372 0.4372 0.4377 0.4372 0.4372 0.4372 0.4372],[0.4487 0.4482 0.4492 0.4482 0.4487 0.4487 0.4487 0.4487 0.4482 0.4482],[0.4571 0.4571 0.4576 0.4571 0.4571 0.4566 0.4571 0.4576 0.4576 0.4571],[0.468  0.468  0.4675 0.468  0.4675 0.4675 0.467  0.4675 0.4675 0.4675],[0.4764 0.4764 0.4764 0.4764 0.4764 0.4764 0.4769 0.4769 0.4764 0.4764],[0.4889 0.4884 0.4884 0.4884 0.4889 0.4884 0.4895 0.4884 0.4884 0.4889],[0.4973 0.4973 0.4973 0.4978 0.4978 0.4978 0.4978 0.4978 0.4973 0.4973],[0.5077 0.5077 0.5083 0.5083 0.5077 0.5077 0.5083 0.5088 0.5083 0.5077],[0.5166 0.5171 0.5166 0.5171 0.5166 0.5171 0.5171 0.5171 0.5171 0.5171],[0.5276 0.5271 0.5271 0.5276 0.5281 0.5271 0.5276 0.5276 0.5276 0.5276],[0.5365 0.536  0.536  0.536  0.5365 0.536  0.5365 0.536  0.5365 0.5365],[0.5474 0.5469 0.5469 0.5469 0.5469 0.5469 0.5469 0.5469 0.5464 0.5464],[0.5553 0.5558 0.5558 0.5558 0.5558 0.5558 0.5558 0.5558 0.5553 0.5553],[0.5668 0.5678 0.5678 0.5678 0.5678 0.5678 0.5678 0.5678 0.5673 0.5673],[0.5783 0.5783 0.5783 0.5783 0.5783 0.5777 0.5783 0.5788 0.5783 0.5783],[0.5871 0.5871 0.5871 0.5871 0.5877 0.5871 0.5871 0.5871 0.5871 0.5871],[0.5981 0.5981 0.5986 0.5981 0.5981 0.5981 0.5981 0.5981 0.5976 0.5981],[0.607  0.607  0.6075 0.607  0.6075 0.607  0.607  0.607  0.607  0.607 ],[0.618  0.618  0.6174 0.6174 0.6174 0.6174 0.6174 0.6174 0.618  0.618 ],[0.6268 0.6263 0.6268 0.6263 0.6263 0.6263 0.6263 0.6268 0.6263 0.6263],[0.6383 0.6389 0.6389 0.6378 0.6383 0.6389 0.6383 0.6383 0.6389 0.6383],[0.6472 0.6477 0.6472 0.6472 0.6472 0.6472 0.6477 0.6477 0.6477 0.6477],[0.6582 0.6577 0.6582 0.6577 0.6577 0.6582 0.6582 0.6582 0.6577 0.6577],[0.6665 0.6665 0.6665 0.6665 0.6665 0.6665 0.6665 0.6665 0.6665 0.6671],[0.678  0.6786 0.6775 0.678  0.678  0.678  0.6786 0.678  0.678  0.6775],[0.6869 0.6869 0.6869 0.6869 0.6864 0.6869 0.6869 0.6869 0.6869 0.6869],[0.6974 0.6974 0.6979 0.6979 0.6974 0.6979 0.6968 0.6974 0.6974 0.6979],[0.7094 0.7094 0.7094 0.7094 0.7094 0.7094 0.7089 0.7094 0.7099 0.7094],[0.7183 0.7188 0.7183 0.7183 0.7188 0.7183 0.7183 0.7183 0.7183 0.7183],[0.7292 0.7287 0.7287 0.7287 0.7292 0.7287 0.7292 0.7292 0.7287 0.7292],[0.7371 0.7371 0.7371 0.7376 0.7376 0.7376 0.7376 0.7376 0.7376 0.7376],[0.7486 0.748  0.7486 0.7491 0.7486 0.748  0.7486 0.7486 0.7486 0.7486],[0.7574 0.7574 0.758  0.7574 0.7574 0.7574 0.7574 0.7574 0.7574 0.7574],[0.7679 0.7679 0.7679 0.7684 0.7684 0.7679 0.7679 0.7679 0.7684 0.7679],[0.7773 0.7773 0.7768 0.7773 0.7768 0.7773 0.7768 0.7773 0.7773 0.7773],[0.7888 0.7893 0.7888 0.7893 0.7893 0.7888 0.7893 0.7888 0.7893 0.7888],[0.7977 0.7977 0.7977 0.7977 0.7982 0.7982 0.7977 0.7977 0.7982 0.7977],[0.8065 0.8065 0.8065 0.8071 0.8065 0.8065 0.8065 0.8065 0.8065 0.8065],[0.8154 0.8154 0.8154 0.8154 0.8154 0.8149 0.8154 0.8149 0.8154 0.8154],[0.8264 0.8269 0.8269 0.8269 0.8269 0.8269 0.8269 0.8269 0.8269 0.8269],[0.8358 0.8358 0.8353 0.8358 0.8353 0.8358 0.8358 0.8358 0.8358 0.8353],[0.8462 0.8462 0.8468 0.8468 0.8462 0.8468 0.8462 0.8462 0.8462 0.8462],[0.8583 0.8583 0.8583 0.8583 0.8583 0.8577 0.8583 0.8583 0.8583 0.8583],[0.8671 0.8671 0.8671 0.8671 0.8671 0.8671 0.8671 0.8671 0.8671 0.8671],[0.8776 0.8776 0.8771 0.8776 0.8771 0.8771 0.8771 0.8771 0.8776 0.8771],[0.8854 0.8859 0.8865 0.8859 0.8859 0.8865 0.8859 0.8859 0.8859 0.8859],[0.898  0.8974 0.8974 0.8974 0.8974 0.898  0.898  0.8974 0.898  0.898 ],[0.9063 0.9068 0.9063 0.9063 0.9068 0.9063 0.9063 0.9063 0.9063 0.9063],[0.9168 0.9168 0.9168 0.9178 0.9173 0.9168 0.9173 0.9173 0.9173 0.9173],[0.9262 0.9262 0.9256 0.9256 0.9262 0.9262 0.9262 0.9256 0.9256 0.9256],[0.9382 0.9382 0.9382 0.9382 0.9387 0.9382 0.9387 0.9377 0.9377 0.9377],[0.9465 0.9465 0.9465 0.9465 0.946  0.9465 0.9465 0.9465 0.9471 0.9465],[0.957  0.957  0.9575 0.9575 0.9575 0.9575 0.957  0.957  0.9575 0.9575],[0.9653 0.9664 0.9664 0.9659 0.9664 0.9664 0.9659 0.9664 0.9664 0.9664],[0.9779 0.9779 0.9779 0.9774 0.9774 0.9779 0.9774 0.9774 0.9779 0.9779],[0.9888 0.9883 0.9883 0.9878 0.9883 0.9883 0.9883 0.9878 0.9878 0.9883],[0.9972 0.9972 0.9972 0.9972 0.9972 0.9972 0.9967 0.9967 0.9972 0.9972],[1.0087 1.0092 1.0092 1.0087 1.0092 1.0092 1.0087 1.0087 1.0087 1.0087],[1.0176 1.0171 1.0171 1.0171 1.0176 1.0171 1.0181 1.0176 1.0176 1.0176],[1.0275 1.028  1.028  1.0275 1.0275 1.028  1.028  1.028  1.028  1.028 ],[1.0364 1.0369 1.0369 1.0374 1.0369 1.0369 1.0374 1.0369 1.0369 1.0369],[1.0484 1.0484 1.0484 1.0479 1.0484 1.0484 1.0479 1.0484 1.0484 1.0484],[1.0573 1.0573 1.0573 1.0573 1.0573 1.0573 1.0573 1.0573 1.0573 1.0583],[1.0682 1.0677 1.0682 1.0677 1.0677 1.0677 1.0677 1.0677 1.0677 1.0677],[1.0771 1.0766 1.0771 1.0771 1.0771 1.0771 1.0766 1.0766 1.0771 1.0771],[1.0876 1.0876 1.0876 1.0881 1.0876 1.0876 1.0876 1.0876 1.0876 1.0881],[1.0965 1.0959 1.0965 1.0965 1.0965 1.0965 1.0965 1.0965 1.0965 1.0959],[1.1069 1.1069 1.1074 1.1069 1.1069 1.1074 1.1069 1.1074 1.1069 1.1074],[1.1158 1.1158 1.1158 1.1153 1.1163 1.1163 1.1163 1.1158 1.1158 1.1158],[1.1273 1.1278 1.1273 1.1273 1.1268 1.1273 1.1268 1.1273 1.1278 1.1273],[1.1377 1.1377 1.1382 1.1377 1.1377 1.1377 1.1377 1.1377 1.1377 1.1377],[1.1466 1.1466 1.1471 1.1466 1.1466 1.1471 1.1466 1.1466 1.1466 1.1466],[1.1581 1.1586 1.1586 1.1581 1.1581 1.1581 1.1586 1.1581 1.1581 1.1581],[1.167  1.167  1.167  1.167  1.167  1.167  1.1675 1.167  1.167  1.167 ],[1.1774 1.1779 1.1779 1.1774 1.1774 1.1779 1.1779 1.1774 1.1779 1.1774],[1.1863 1.1863 1.1863 1.1863 1.1863 1.1868 1.1868 1.1868 1.1863 1.1863],[1.1983 1.1978 1.1973 1.1983 1.1978 1.1978 1.1983 1.1988 1.1978 1.1983],[1.2067 1.2067 1.2067 1.2067 1.2067 1.2067 1.2067 1.2067 1.2072 1.2067],[1.2176 1.2171 1.2176 1.2171 1.2176 1.2176 1.2182 1.2171 1.2171 1.2176],[1.2265 1.226  1.226  1.226  1.226  1.226  1.2265 1.226  1.226  1.226 ],[1.238  1.238  1.238  1.2375 1.238  1.2375 1.238  1.238  1.238  1.2375],[1.2474 1.2464 1.2469 1.2469 1.2464 1.2469 1.2474 1.2469 1.2469 1.2469],[1.2573 1.2573 1.2573 1.2573 1.2579 1.2573 1.2573 1.2573 1.2568 1.2573],[1.2688 1.2688 1.2694 1.2688 1.2688 1.2688 1.2688 1.2688 1.2688 1.2688],[1.2777 1.2777 1.2782 1.2772 1.2777 1.2772 1.2777 1.2777 1.2777 1.2777],[1.2882 1.2882 1.2882 1.2876 1.2887 1.2882 1.2882 1.2882 1.2882 1.2887],[1.297  1.2976 1.297  1.297  1.297  1.297  1.297  1.297  1.2965 1.297 ],[1.3085 1.3085 1.3085 1.3085 1.308  1.3091 1.3091 1.3085 1.3085 1.308 ],[1.3185 1.3174 1.3179 1.3174 1.3174 1.3174 1.3174 1.3179 1.3174 1.3174],[1.3279 1.3279 1.3284 1.3284 1.3284 1.3289 1.3284 1.3279 1.3289 1.3279],[1.3367 1.3373 1.3373 1.3373 1.3373 1.3378 1.3373 1.3378 1.3373 1.3367],[1.3482 1.3482 1.3488 1.3477 1.3482 1.3488 1.3488 1.3482 1.3488 1.3488],[1.3576 1.3582 1.3576 1.3576 1.3571 1.3576 1.3576 1.3571 1.3576 1.3576],[1.3686 1.3686 1.3676 1.3676 1.3681 1.3681 1.3676 1.3676 1.3676 1.3681],[1.3728 1.3723 1.3733 1.3728 1.3728 1.3728 1.3723 1.3728 1.3723 1.3728],[1.3832 1.3832 1.3827 1.3827 1.3832 1.3832 1.3827 1.3832 1.3832 1.3832],[1.3921 1.3921 1.3926 1.3921 1.3926 1.3921 1.3921 1.3921 1.3921 1.3921],[1.4031 1.4041 1.4036 1.4031 1.4031 1.4031 1.4036 1.4036 1.4036 1.4036],[1.4141 1.4141 1.4141 1.4135 1.4141 1.4141 1.4135 1.4146 1.4141 1.4141],[1.4229 1.4229 1.4229 1.4235 1.4235 1.4235 1.4229 1.4229 1.4235 1.4224],[1.4355 1.4344 1.435  1.4344 1.435  1.435  1.4344 1.435  1.435  1.435 ],[1.4438 1.4433 1.4438 1.4438 1.4438 1.4438 1.4433 1.4438 1.4438 1.4438],[1.4543 1.4543 1.4538 1.4538 1.4543 1.4543 1.4543 1.4543 1.4543 1.4538],[1.4632 1.4632 1.4626 1.4632 1.4621 1.4621 1.4626 1.4637 1.4632 1.4632],[1.4741 1.4741 1.4747 1.4747 1.4741 1.4747 1.4747 1.4747 1.4741 1.4741],[1.4835 1.4835 1.483  1.4835 1.4835 1.483  1.4835 1.4835 1.483  1.4835],[1.4935 1.494  1.494  1.494  1.494  1.494  1.4935 1.494  1.4935 1.4935],[1.5034 1.5023 1.5034 1.5029 1.5029 1.5029 1.5029 1.5029 1.5029 1.5029],[1.5149 1.5144 1.5144 1.5144 1.5149 1.5144 1.5149 1.5144 1.5144 1.5144],[1.5232 1.5238 1.5232 1.5232 1.5232 1.5227 1.5232 1.5232 1.5232 1.5238],[1.5337 1.5342 1.5342 1.5337 1.5342 1.5342 1.5342 1.5337 1.5337 1.5337],[1.5452 1.5452 1.5452 1.5452 1.5452 1.5457 1.5452 1.5452 1.5452 1.5457],[1.5546 1.5541 1.5546 1.5541 1.5541 1.5546 1.5546 1.5541 1.5541 1.5546],[1.5645 1.565  1.565  1.5645 1.565  1.5645 1.565  1.565  1.565  1.5645],[1.5734 1.5739 1.5739 1.5739 1.5739 1.5739 1.5739 1.5739 1.5734 1.5739],[1.5854 1.5849 1.5849 1.5854 1.5849 1.5849 1.5854 1.5854 1.5854 1.5854],[1.5943 1.5938 1.5943 1.5943 1.5943 1.5938 1.5938 1.5943 1.5943 1.5938],[1.6047 1.6052 1.6052 1.6047 1.6047 1.6047 1.6047 1.6047 1.6047 1.6047],[1.6136 1.6131 1.6136 1.6136 1.6136 1.6136 1.6136 1.6131 1.6136 1.6131],[1.6251 1.6251 1.6251 1.6246 1.6251 1.6251 1.6256 1.6246 1.6251 1.6246],[1.634  1.634  1.634  1.6335 1.634  1.634  1.634  1.6335 1.634  1.634 ],[1.6444 1.6444 1.6449 1.6444 1.6444 1.6444 1.6444 1.6444 1.6444 1.6444],[1.6533 1.6533 1.6533 1.6533 1.6533 1.6533 1.6533 1.6533 1.6533 1.6538],[1.6643 1.6643 1.6643 1.6643 1.6643 1.6638 1.6643 1.6643 1.6643 1.6643],[1.6732 1.6732 1.6726 1.6732 1.6737 1.6726 1.6732 1.6732 1.6732 1.6726],[1.6836 1.6836 1.6836 1.6831 1.6831 1.6836 1.6836 1.6836 1.6836 1.6841],[1.6951 1.6951 1.6946 1.6951 1.6951 1.6951 1.6951 1.6951 1.6951 1.6951],[1.7035 1.704  1.704  1.704  1.704  1.7035 1.704  1.7035 1.704  1.704 ],[1.7144 1.7144 1.7144 1.7149 1.7139 1.7149 1.7144 1.7144 1.7144 1.7149],[1.7233 1.7233 1.7238 1.7233 1.7238 1.7233 1.7233 1.7228 1.7233 1.7233],[1.7348 1.7348 1.7348 1.7343 1.7348 1.7348 1.7348 1.7343 1.7348 1.7348],[1.7437 1.7437 1.7437 1.7437 1.7437 1.7437 1.7437 1.7437 1.7437 1.7437],[1.7541 1.7541 1.7541 1.7541 1.7541 1.7541 1.7541 1.7546 1.7541 1.7541],[1.7635 1.763  1.7635 1.7635 1.7635 1.763  1.763  1.763  1.763  1.763 ],[1.7745 1.7745 1.774  1.775  1.7745 1.7745 1.7745 1.774  1.7745 1.7745],[1.7829 1.7834 1.7834 1.7839 1.7829 1.7839 1.7834 1.7829 1.7834 1.7834],[1.7938 1.7943 1.7938 1.7938 1.7938 1.7938 1.7938 1.7938 1.7938 1.7938],[1.8027 1.8027 1.8022 1.8027 1.8027 1.8022 1.8022 1.8027 1.8027 1.8022],[1.8147 1.8147 1.8142 1.8142 1.8142 1.8142 1.8142 1.8147 1.8142 1.8142],[1.8252 1.8246 1.8246 1.8252 1.8252 1.8252 1.8252 1.8246 1.8252 1.8246],[1.8335 1.834  1.8335 1.8335 1.834  1.8335 1.8335 1.834  1.834  1.833 ],[1.845  1.8455 1.845  1.8445 1.845  1.8445 1.845  1.8445 1.8445 1.8445],[1.8539 1.8534 1.8534 1.8539 1.8539 1.8544 1.8539 1.8534 1.8534 1.8539],[1.8643 1.8638 1.8638 1.8649 1.8643 1.8633 1.8638 1.8638 1.8643 1.8643],[1.8727 1.8722 1.8717 1.8722 1.8722 1.8722 1.8722 1.8717 1.8722 1.8727],[1.8837 1.8831 1.8837 1.8842 1.8837 1.8837 1.8837 1.8837 1.8842 1.8831],[1.892  1.892  1.892  1.8915 1.8915 1.892  1.8915 1.8915 1.892  1.8915],[1.9025 1.9025 1.9025 1.902  1.902  1.9025 1.9025 1.9025 1.9025 1.9025],[1.9108 1.9108 1.9103 1.9103 1.9108 1.9103 1.9108 1.9108 1.9103 1.9103],[1.9218 1.9218 1.9218 1.9213 1.9213 1.9213 1.9218 1.9213 1.9218 1.9218],[1.9333 1.9328 1.9328 1.9333 1.9328 1.9328 1.9328 1.9333 1.9333 1.9328],[1.9422 1.9427 1.9427 1.9427 1.9427 1.9427 1.9427 1.9427 1.9427 1.9427],[1.9505 1.9505 1.9511 1.9505 1.9505 1.9505 1.9511 1.9505 1.9511 1.9505],[1.961  1.961  1.961  1.9605 1.9605 1.9605 1.9605 1.961  1.961  1.961 ],[1.9704 1.9699 1.9704 1.9704 1.9704 1.9704 1.9699 1.9704 1.9704 1.9699],[1.9777 1.9777 1.9777 1.9782 1.9777 1.9777 1.9777 1.9777 1.9777 1.9777],[1.9881 1.9876 1.9881 1.9876 1.9881 1.9876 1.9876 1.9881 1.9881 1.9887],[1.996  1.9949 1.9955 1.9955 1.9955 1.9949 1.9949 1.9949 1.9955 1.9949],[2.0038 2.0038 2.0038 2.0043 2.0038 2.0038 2.0038 2.0038 2.0043 2.0038],[2.0117 2.0117 2.0117 2.0111 2.0111 2.0117 2.0117 2.0117 2.0111 2.0117],[2.02   2.0205 2.0205 2.0211 2.0205 2.0205 2.0205 2.0205 2.0205 2.0211],[2.0278 2.0278 2.0278 2.0273 2.0278 2.0273 2.0278 2.0278 2.0278 2.0278],[2.0357 2.0362 2.0362 2.0367 2.0357 2.0362 2.0357 2.0362 2.0357 2.0362],[2.043  2.043  2.0435 2.0425 2.043  2.043  2.043  2.043  2.0435 2.0435],[2.0519 2.0519 2.0519 2.0519 2.0519 2.0519 2.0519 2.0519 2.0514 2.0519],[2.0587 2.0587 2.0587 2.0587 2.0587 2.0587 2.0587 2.0587 2.0587 2.0587],[2.067  2.0665 2.0665 2.067  2.0665 2.0665 2.0665 2.0665 2.067  2.066 ],[2.0749 2.0749 2.0749 2.0754 2.0749 2.0749 2.0749 2.0749 2.0749 2.0749],[2.0811 2.0811 2.0817 2.0811 2.0806 2.0811 2.0811 2.0811 2.0806 2.0811],[2.0884 2.0884 2.0884 2.0884 2.0884 2.0879 2.0879 2.0879 2.0884 2.089 ],[2.0942 2.0947 2.0942 2.0947 2.0942 2.0942 2.0947 2.0942 2.0947 2.0952],[2.102  2.1025 2.102  2.102  2.102  2.102  2.1025 2.1025 2.102  2.1015],[2.1078 2.1078 2.1072 2.1078 2.1072 2.1072 2.1078 2.1078 2.1078 2.1072],[2.114 2.114 2.114 2.114 2.114 2.114 2.114 2.114 2.114 2.114],[2.1193 2.1193 2.1198 2.1193 2.1193 2.1193 2.1193 2.1187 2.1187 2.1198],[2.1255 2.1261 2.1255 2.1255 2.1255 2.1255 2.1255 2.1261 2.1255 2.1255],[2.1297 2.1297 2.1302 2.1302 2.1297 2.1302 2.1297 2.1297 2.1297 2.1297],[2.1355 2.1349 2.1349 2.1355 2.1349 2.1349 2.1349 2.1349 2.1349 2.1349],[2.1386 2.1386 2.1386 2.1386 2.1386 2.1386 2.1381 2.1386 2.1381 2.1386],[2.1428 2.1422 2.1422 2.1422 2.1428 2.1422 2.1428 2.1422 2.1422 2.1422],[2.1449 2.1449 2.1449 2.1454 2.1449 2.1454 2.1449 2.1454 2.1449 2.1449]
|[ 0.e+00  0.e+00  0.e+00  5.e-05  0.e+00 -5.e-05 -5.e-05  0.e+00 -5.e-05
  0.e+00]|,|[-5.e-05 -1.e-04  0.e+00  5.e-05 -5.e-05  5.e-05  0.e+00 -5.e-05 -5.e-05
  0.e+00]|,[5.e-05 5.e-05 0.e+00 0.e+00 0.e+00 5.e-05 0.e+00 0.e+00 1.e-04 1.e-04],|[ 0.e+00 -5.e-05  0.e+00  1.e-04 -1.e-04  0.e+00  1.e-04 -5.e-05  0.e+00
 -5.e-05]|,|[ 5.e-05 -5.e-05  0.e+00 -5.e-05 -1.e-04  5.e-05  5.e-05 -5.e-05  0.e+00
  5.e-05]|,|[ 1.5e-04 -5.0e-05  0.0e+00  5.0e-05  0.0e+00  1.0e-04 -5.0e-05 -1.0e-04
 -1.0e-04  5.0e-05]|,|[ 0.e+00 -5.e-05  0.e+00 -5.e-05  1.e-04 -5.e-05  0.e+00  0.e+00 -1.e-04
  5.e-05]|,|[ 0.e+00  0.e+00  5.e-05 -1.e-04 -5.e-05  5.e-05  0.e+00  5.e-05  5.e-05
  0.e+00]|,|[ 0.e+00  0.e+00  5.e-05  0.e+00 -5.e-05  5.e-05  0.e+00  0.e+00  0.e+00
  5.e-05]|,|[-1.e-04  5.e-05  5.e-05 -1.e-04  1.e-04  5.e-05  0.e+00  0.e+00 -5.e-05
 -1.e-04]|,|[ 0.e+00  0.e+00  0.e+00  0.e+00 -1.e-04 -5.e-05  5.e-05 -5.e-05 -1.e-04
  5.e-05]|,|[-5.e-05  0.e+00  5.e-05  0.e+00  0.e+00  1.e-04 -1.e-04 -1.e-04 -5.e-05
 -5.e-05]|,|[ 0.e+00 -5.e-05  0.e+00  5.e-05 -5.e-05  0.e+00  0.e+00 -5.e-05  0.e+00
 -5.e-05]|,|[ 5.e-05  5.e-05 -5.e-05  5.e-05 -5.e-05 -1.e-04  5.e-05  0.e+00  0.e+00
  0.e+00]|,|[ 1.e-04  5.e-05 -1.e-04  0.e+00  0.e+00  0.e+00  0.e+00  0.e+00  0.e+00
 -5.e-05]|,|[ 0.e+00  5.e-05 -5.e-05  0.e+00  1.e-04 -5.e-05 -5.e-05 -5.e-05  0.e+00
 -5.e-05]|,|[-1.5e-04 -1.0e-04  0.0e+00 -1.0e-04  0.0e+00  0.0e+00  0.0e+00 -5.0e-05
  0.0e+00 -1.0e-04]|,|[ 5.e-05  5.e-05  0.e+00  0.e+00 -5.e-05  1.e-04  0.e+00  0.e+00  0.e+00
  0.e+00]|,|[-1.e-04  0.e+00  0.e+00  5.e-05  1.e-04  5.e-05 -5.e-05  0.e+00  0.e+00
  0.e+00]|,|[ 5.e-05  5.e-05  0.e+00  0.e+00 -5.e-05  5.e-05  5.e-05  0.e+00  0.e+00
  0.e+00]|,|[ 0.e+00 -5.e-05 -5.e-05  1.e-04  0.e+00 -5.e-05  0.e+00 -5.e-05  5.e-05
  5.e-05]|,|[ 5.0e-05  0.0e+00  0.0e+00  0.0e+00  5.0e-05  0.0e+00  3.6e-04  5.0e-05
 -5.0e-05  0.0e+00]|,|[ 1.e-04  5.e-05 -5.e-05  5.e-05 -5.e-05 -1.e-04  0.e+00 -1.e-04  0.e+00
  5.e-05]|,|[ 1.5e-04 -5.0e-05 -5.0e-05  0.0e+00 -1.0e-04  0.0e+00  5.0e-05  5.0e-05
  0.0e+00 -5.0e-05]|,|[ 0.e+00  5.e-05 -5.e-05  5.e-05  0.e+00  0.e+00  0.e+00 -5.e-05  1.e-04
  5.e-05]|,|[ 0.0e+00  1.5e-04  0.0e+00  0.0e+00 -5.0e-05 -5.0e-05 -5.0e-05 -5.0e-05
  5.0e-05  5.0e-05]|,|[ 0.e+00  0.e+00  5.e-05 -5.e-05 -5.e-05 -5.e-05 -1.e-04  0.e+00  0.e+00
  0.e+00]|,|[-5.e-05 -5.e-05 -5.e-05  5.e-05 -5.e-05  0.e+00  0.e+00  0.e+00  1.e-04
 -1.e-04]|,|[-2.1e-04  1.0e-04 -5.0e-05 -5.0e-05 -5.0e-05 -5.0e-05 -5.0e-05  0.0e+00
  0.0e+00  0.0e+00]|,|[-5.e-05 -5.e-05 -5.e-05  0.e+00 -5.e-05 -1.e-04  0.e+00 -1.e-04  0.e+00
  5.e-05]|,|[-1.e-04  0.e+00 -5.e-05 -5.e-05  0.e+00  0.e+00 -5.e-05  5.e-05 -1.e-04
  0.e+00]|,|[-5.e-05 -5.e-05  0.e+00 -5.e-05 -5.e-05 -1.e-04 -5.e-05 -5.e-05 -1.e-04
  0.e+00]|,|[ 0.0e+00 -5.0e-05 -5.0e-05 -1.0e-04  3.6e-04  5.0e-05  0.0e+00  0.0e+00
 -5.0e-05 -1.0e-04]|,|[-5.e-05  0.e+00 -5.e-05  0.e+00 -5.e-05  0.e+00 -1.e-04 -5.e-05 -5.e-05
 -5.e-05]|,|[-5.0e-05  5.0e-05  5.0e-05 -1.0e-04  5.0e-05 -1.5e-04 -5.0e-05 -5.0e-05
 -5.0e-05  0.0e+00]|,|[-5.e-05  5.e-05  0.e+00 -5.e-05 -5.e-05 -5.e-05  0.e+00  0.e+00 -5.e-05
 -5.e-05]|,|[-5.0e-05 -5.0e-05 -1.0e-04  0.0e+00 -1.5e-04  0.0e+00  5.0e-05 -5.0e-05
 -5.0e-05  0.0e+00]|,|[-5.0e-05 -5.0e-05 -5.0e-05  0.0e+00 -5.0e-05 -5.0e-05 -5.0e-05  5.0e-05
 -5.0e-05 -1.5e-04]|,|[-5.0e-05  0.0e+00  0.0e+00 -5.0e-05  0.0e+00 -5.0e-05 -5.0e-05 -2.6e-04
  0.0e+00  0.0e+00]|,|[-1.e-04  0.e+00 -5.e-05  0.e+00 -5.e-05  5.e-05  0.e+00  1.e-04  5.e-05
  0.e+00]|,|[-5.0e-05  0.0e+00 -5.0e-05  1.5e-04 -5.0e-05  0.0e+00  0.0e+00 -1.0e-04
 -5.0e-05 -5.0e-05]|,|[ 0.e+00 -1.e-04 -1.e-04  0.e+00  0.e+00 -5.e-05 -5.e-05 -1.e-04  0.e+00
 -5.e-05]|,|[ 0.0e+00 -5.0e-05 -5.0e-05  0.0e+00 -2.1e-04  0.0e+00  0.0e+00  0.0e+00
 -5.0e-05  5.0e-05]|,|[-1.e-04 -1.e-04 -1.e-04  5.e-05 -1.e-04  5.e-05 -5.e-05  0.e+00 -5.e-05
 -5.e-05]|,|[-5.0e-05  0.0e+00  0.0e+00  0.0e+00 -5.0e-05 -1.0e-04 -5.0e-05 -5.0e-05
 -1.5e-04 -1.0e-04]|,|[-5.0e-05 -1.5e-04 -5.0e-05  0.0e+00 -5.0e-05 -1.0e-04 -5.0e-05 -1.0e-04
 -1.5e-04  0.0e+00]|,|[-1.5e-04 -5.0e-05  0.0e+00 -1.0e-04  5.0e-05 -1.0e-04 -1.0e-04 -5.0e-05
 -5.0e-05 -5.0e-05]|,|[-5.e-05 -5.e-05 -5.e-05  0.e+00 -5.e-05 -5.e-05 -5.e-05 -5.e-05  0.e+00
  5.e-05]|,|[ 0.e+00  0.e+00 -1.e-04  0.e+00 -5.e-05 -1.e-04  0.e+00  0.e+00 -1.e-04
 -5.e-05]|,|[-1.e-04 -5.e-05 -1.e-04  5.e-05 -5.e-05 -1.e-04 -5.e-05 -5.e-05 -1.e-04
 -5.e-05]|,|[-1.0e-04 -1.5e-04 -5.0e-05 -1.0e-04  0.0e+00 -5.0e-05 -5.0e-05  0.0e+00
  1.0e-04  5.0e-05]|,|[ 5.0e-05 -5.0e-05 -1.5e-04 -5.0e-05 -5.0e-05 -1.0e-04  0.0e+00 -1.5e-04
 -5.0e-05 -5.0e-05]|,|[-5.e-05 -1.e-04  0.e+00 -5.e-05 -5.e-05  0.e+00 -1.e-04 -1.e-04 -5.e-05
 -5.e-05]|,|[-5.0e-05  0.0e+00 -5.0e-05 -1.5e-04 -1.0e-04  0.0e+00  0.0e+00 -5.0e-05
 -1.5e-04 -5.0e-05]|,|[ 0.0e+00 -1.5e-04  1.0e-04 -1.0e-04 -1.0e-04 -5.0e-05 -1.0e-04 -1.0e-04
  0.0e+00 -1.0e-04]|,|[-5.e-05  0.e+00  5.e-05 -1.e-04  0.e+00 -5.e-05 -1.e-04  0.e+00 -5.e-05
  0.e+00]|,|[-5.0e-05  5.0e-05  0.0e+00 -5.0e-05 -1.5e-04  0.0e+00 -5.0e-05  0.0e+00
 -1.0e-04 -1.0e-04]|,|[-5.0e-05 -5.0e-05 -1.0e-04 -1.0e-04  5.0e-05 -1.0e-04 -5.0e-05 -5.0e-05
  5.0e-05 -2.1e-04]|,|[ 0.0e+00 -5.0e-05 -1.0e-04 -1.0e-04 -5.0e-05 -1.5e-04 -5.0e-05 -5.0e-05
 -2.1e-04 -5.0e-05]|,|[-1.5e-04 -1.0e-04 -5.0e-05 -5.0e-05  0.0e+00 -1.0e-04 -5.0e-05 -1.0e-04
 -5.0e-05 -1.5e-04]|,|[-1.e-04  5.e-05 -5.e-05 -5.e-05  0.e+00 -5.e-05 -1.e-04  5.e-05  0.e+00
  0.e+00]|,|[-5.0e-05 -1.0e-04 -5.0e-05 -5.0e-05  5.0e-05 -1.0e-04  0.0e+00 -1.5e-04
 -5.0e-05 -2.1e-04]|,|[-1.0e-04 -5.0e-05 -1.5e-04 -5.0e-05 -1.0e-04 -5.0e-05 -1.0e-04 -1.0e-04
 -1.0e-04 -5.0e-05]|,|[ 0.0e+00 -5.0e-05 -5.0e-05  0.0e+00 -5.0e-05 -1.0e-04 -1.5e-04 -5.0e-05
 -1.0e-04 -1.0e-04]|,|[-5.0e-05  5.0e-05 -5.0e-05  0.0e+00  0.0e+00 -1.0e-04 -1.5e-04  0.0e+00
 -5.0e-05 -1.0e-04]|,|[-1.0e-04 -1.5e-04 -5.0e-05  0.0e+00 -5.0e-05  5.0e-05 -5.0e-05 -5.0e-05
 -5.0e-05  0.0e+00]|,|[-5.e-05 -1.e-04 -1.e-04 -5.e-05 -1.e-04 -5.e-05  5.e-05 -5.e-05 -1.e-04
  5.e-05]|,|[-5.e-05 -5.e-05 -5.e-05 -5.e-05 -1.e-04 -1.e-04 -5.e-05 -5.e-05 -1.e-04
 -5.e-05]|,|[ 5.0e-05  0.0e+00  1.5e-04 -1.5e-04 -5.0e-05 -1.0e-04 -5.0e-05  0.0e+00
 -5.0e-05 -5.0e-05]|,|[-5.0e-05 -2.6e-04  0.0e+00 -5.0e-05 -1.0e-04 -1.0e-04 -5.0e-05  0.0e+00
  5.0e-05 -1.0e-04]|,|[-5.0e-05 -1.5e-04  0.0e+00 -1.5e-04 -1.0e-04  0.0e+00 -5.0e-05 -2.1e-04
  0.0e+00 -5.0e-05]|,|[ 5.0e-05 -1.5e-04 -1.5e-04  0.0e+00 -5.0e-05 -1.0e-04  0.0e+00  0.0e+00
 -5.0e-05  0.0e+00]|,|[ 0.0e+00 -5.0e-05 -1.5e-04  0.0e+00 -1.0e-04 -1.0e-04  0.0e+00  0.0e+00
 -1.0e-04 -5.0e-05]|,|[ 5.0e-05 -5.0e-05 -1.0e-04 -1.0e-04  0.0e+00 -1.0e-04 -1.5e-04  0.0e+00
  0.0e+00 -5.0e-05]|,|[-1.5e-04 -5.0e-05 -5.0e-05 -5.0e-05 -1.0e-04  5.0e-05 -2.1e-04 -5.0e-05
  0.0e+00 -5.0e-05]|,|[-5.0e-05 -1.5e-04 -5.0e-05 -5.0e-05  0.0e+00  5.0e-05 -1.0e-04 -1.0e-04
  0.0e+00  0.0e+00]|,|[-2.1e-04 -5.0e-05 -1.0e-04 -1.0e-04 -5.0e-05  5.0e-05 -1.5e-04 -5.0e-05
  5.0e-05  0.0e+00]|,|[ 0.0e+00 -5.0e-05 -5.0e-05  0.0e+00 -5.0e-05 -1.0e-04  0.0e+00 -1.0e-04
  0.0e+00 -1.5e-04]|,|[ 0.e+00 -1.e-04  0.e+00  0.e+00 -1.e-04  0.e+00 -5.e-05  0.e+00 -5.e-05
  0.e+00]|,|[-5.e-05  0.e+00  0.e+00  0.e+00  0.e+00 -5.e-05 -5.e-05  0.e+00  0.e+00
 -5.e-05]|,|[ 0.e+00 -5.e-05 -1.e-04 -5.e-05  0.e+00 -1.e-04  1.e-04  0.e+00 -5.e-05
 -5.e-05]|,|[ 0.e+00  0.e+00 -5.e-05 -5.e-05 -5.e-05 -5.e-05  0.e+00  0.e+00  0.e+00
  0.e+00]|,|[-5.0e-05 -5.0e-05 -5.0e-05 -1.0e-04  0.0e+00 -1.0e-04 -1.0e-04 -1.0e-04
  0.0e+00 -1.5e-04]|,|[-5.0e-05  5.0e-05  0.0e+00 -2.1e-04  0.0e+00  0.0e+00 -1.0e-04 -5.0e-05
 -5.0e-05 -5.0e-05]|,|[-1.0e-04  1.0e-04 -5.0e-05 -1.0e-04 -5.0e-05 -1.0e-04  5.0e-05  0.0e+00
  0.0e+00 -1.5e-04]|,|[-5.e-05  5.e-05 -1.e-04  0.e+00  0.e+00 -1.e-04 -1.e-04 -5.e-05 -5.e-05
 -5.e-05]|,|[-5.e-05 -1.e-04 -5.e-05 -1.e-04  0.e+00 -5.e-05  0.e+00 -5.e-05 -1.e-04
 -1.e-04]|,|[-5.0e-05 -1.0e-04 -5.0e-05 -1.0e-04  0.0e+00  5.0e-05  0.0e+00  0.0e+00
 -5.0e-05 -1.5e-04]|,|[-5.e-05  0.e+00  0.e+00  0.e+00 -5.e-05 -1.e-04  5.e-05 -5.e-05 -1.e-04
 -1.e-04]|,|[ 0.e+00 -5.e-05  0.e+00 -1.e-04  0.e+00  0.e+00 -5.e-05  0.e+00  0.e+00
 -1.e-04]|,|[-5.0e-05  0.0e+00 -1.0e-04  0.0e+00  5.0e-05 -1.0e-04  5.0e-05 -5.0e-05
 -5.0e-05 -1.5e-04]|,|[-5.0e-05 -5.0e-05  0.0e+00 -1.0e-04 -1.0e-04 -1.0e-04  0.0e+00  0.0e+00
 -2.1e-04 -1.0e-04]|,|[-1.0e-04 -1.5e-04 -4.6e-04  0.0e+00 -5.0e-05 -1.0e-04 -5.0e-05 -1.0e-04
 -5.0e-05  0.0e+00]|,|[-5.0e-05 -5.0e-05 -5.0e-05  0.0e+00 -5.0e-05 -5.0e-05 -1.0e-04  0.0e+00
 -1.0e-04 -1.5e-04]|,|[ 0.0e+00 -5.0e-05  0.0e+00 -5.0e-05 -5.0e-05 -5.0e-05  0.0e+00 -2.1e-04
 -1.0e-04 -5.0e-05]|,|[ 1.e-04 -1.e-04 -1.e-04  5.e-05 -1.e-04 -5.e-05  5.e-05 -5.e-05 -5.e-05
 -5.e-05]|,|[-1.e-04  5.e-05  5.e-05  0.e+00 -5.e-05  0.e+00 -5.e-05  5.e-05  0.e+00
 -1.e-04]|,|[-5.e-05  1.e-04 -1.e-04  0.e+00 -5.e-05 -1.e-04 -5.e-05  0.e+00  0.e+00
 -1.e-04]|,|[-1.e-04  5.e-05 -5.e-05  0.e+00 -1.e-04 -1.e-04 -1.e-04  5.e-05 -5.e-05
 -5.e-05]|,|[ 0.e+00  5.e-05 -5.e-05 -5.e-05 -5.e-05 -1.e-04  0.e+00  5.e-05 -5.e-05
 -5.e-05]|,|[ 5.e-05  0.e+00  0.e+00 -1.e-04  1.e-04 -5.e-05 -5.e-05  0.e+00 -5.e-05
 -1.e-04]|,|[-5.0e-05  0.0e+00 -5.0e-05 -1.5e-04  0.0e+00 -5.0e-05 -5.0e-05 -1.0e-04
  0.0e+00  0.0e+00]|,|[-5.e-05 -5.e-05  0.e+00 -5.e-05 -1.e-04 -5.e-05  0.e+00  5.e-05  0.e+00
  5.e-05]|,|[ 0.0e+00 -1.0e-04 -2.1e-04  0.0e+00 -1.5e-04 -5.0e-05 -1.5e-04 -5.0e-05
  0.0e+00  0.0e+00]|,|[-5.0e-05 -1.0e-04 -5.0e-05 -5.0e-05 -5.0e-05  0.0e+00  1.5e-04 -5.0e-05
 -5.0e-05 -5.0e-05]|,|[-5.0e-05 -1.0e-04  0.0e+00 -1.5e-04  0.0e+00  0.0e+00 -5.0e-05  0.0e+00
 -5.0e-05 -5.0e-05]|,|[-1.0e-04 -1.5e-04  0.0e+00 -1.0e-04 -5.0e-05  0.0e+00 -1.0e-04 -1.0e-04
 -5.0e-05 -1.0e-04]|,|[ 0.e+00 -1.e-04 -5.e-05  0.e+00 -1.e-04  5.e-05  0.e+00 -1.e-04  0.e+00
 -5.e-05]|,|[ 0.0e+00  0.0e+00 -1.0e-04 -5.0e-05 -5.0e-05 -1.0e-04  0.0e+00  5.0e-05
  5.0e-05 -1.5e-04]|,|[ 0.0e+00 -1.0e-04  3.1e-04 -5.0e-05  0.0e+00 -5.0e-05 -1.0e-04 -1.0e-04
 -1.0e-04 -2.1e-04]|,|[-1.0e-04 -5.0e-05 -5.0e-05 -5.0e-05  0.0e+00 -1.5e-04 -1.0e-04 -1.0e-04
 -5.0e-05  5.0e-05]|,|[ 0.0e+00  0.0e+00 -1.0e-04 -5.0e-05 -5.0e-05 -5.0e-05 -5.0e-05 -1.5e-04
  5.0e-05  0.0e+00]|,|[-5.0e-05 -1.0e-04 -1.0e-04  0.0e+00 -1.0e-04 -5.0e-05 -1.0e-04 -1.0e-04
 -1.5e-04 -5.0e-05]|,|[ 0.e+00  0.e+00 -5.e-05 -5.e-05 -5.e-05  5.e-05 -5.e-05 -5.e-05  0.e+00
  0.e+00]|,|[-5.e-05 -5.e-05 -1.e-04 -5.e-05  5.e-05 -1.e-04 -5.e-05  5.e-05  0.e+00
 -1.e-04]|,|[-5.0e-05 -5.0e-05  0.0e+00 -5.0e-05 -1.5e-04 -5.0e-05 -1.0e-04 -5.0e-05
 -1.0e-04 -1.0e-04]|,|[-5.0e-05 -1.5e-04  0.0e+00 -5.0e-05 -5.0e-05 -1.0e-04 -1.0e-04 -1.5e-04
 -1.0e-04  5.0e-05]|,|[ 0.0e+00  0.0e+00 -1.5e-04 -5.0e-05 -5.0e-05 -5.0e-05 -5.0e-05  0.0e+00
 -1.5e-04  0.0e+00]|,|[ 0.0e+00  0.0e+00 -1.0e-04 -5.0e-05 -5.0e-05 -1.5e-04 -5.0e-05  5.0e-05
 -1.0e-04 -1.0e-04]|,|[-5.e-05 -1.e-04 -5.e-05 -1.e-04 -5.e-05  0.e+00 -1.e-04 -1.e-04 -1.e-04
 -1.e-04]|,|[ 5.0e-05 -1.0e-04 -5.0e-05 -5.0e-05 -5.0e-05  0.0e+00 -2.1e-04 -1.0e-04
  0.0e+00 -5.0e-05]|,|[-5.0e-05 -2.1e-04 -1.0e-04  0.0e+00 -5.0e-05  5.0e-05  0.0e+00 -1.0e-04
 -5.0e-05 -5.0e-05]|,|[-1.5e-04 -1.5e-04 -5.0e-05 -1.0e-04  5.0e-05 -5.0e-05 -1.5e-04 -1.0e-04
  5.0e-05  0.0e+00]|,|[-5.0e-05 -1.5e-04 -1.0e-04  0.0e+00 -1.0e-04  0.0e+00 -1.0e-04 -1.0e-04
 -5.0e-05 -1.0e-04]|,|[-1.e-04 -5.e-05 -5.e-05  0.e+00 -1.e-04 -5.e-05  5.e-05 -5.e-05  0.e+00
  0.e+00]|,|[-1.5e-04  0.0e+00 -5.0e-05 -1.5e-04 -5.0e-05 -5.0e-05 -1.0e-04  0.0e+00
 -1.0e-04  0.0e+00]|,|[ 0.0e+00 -1.5e-04 -5.0e-05 -1.5e-04 -1.5e-04 -1.0e-04  0.0e+00 -5.0e-05
 -1.5e-04 -1.5e-04]|,|[-1.0e-04 -1.0e-04 -5.0e-05  0.0e+00 -1.5e-04 -5.0e-05  0.0e+00 -5.0e-05
 -1.0e-04 -1.0e-04]|,|[-5.0e-05  0.0e+00 -1.0e-04 -5.0e-05 -1.5e-04 -5.0e-05 -1.0e-04 -1.0e-04
 -1.0e-04 -5.0e-05]|,|[-5.e-05 -1.e-04 -5.e-05  0.e+00 -1.e-04 -1.e-04 -5.e-05  0.e+00 -1.e-04
  5.e-05]|,|[-5.0e-05 -5.0e-05 -5.0e-05 -1.5e-04 -5.0e-05  0.0e+00 -1.0e-04 -1.0e-04
 -5.0e-05 -5.0e-05]|,|[-5.0e-05 -1.0e-04 -5.0e-05 -1.5e-04  0.0e+00 -1.0e-04 -1.0e-04  0.0e+00
 -1.5e-04 -5.0e-05]|,|[-1.e-04 -5.e-05 -5.e-05 -1.e-04 -5.e-05 -1.e-04 -5.e-05 -1.e-04  0.e+00
 -1.e-04]|,|[ 0.e+00 -1.e-04 -1.e-04 -1.e-04 -5.e-05  5.e-05 -1.e-04 -1.e-04 -5.e-05
 -5.e-05]|,|[-1.0e-04  0.0e+00 -1.5e-04 -2.1e-04 -5.0e-05 -5.0e-05 -5.0e-05 -1.0e-04
 -1.5e-04 -5.0e-05]|,|[-5.0e-05 -1.0e-04 -5.0e-05 -1.0e-04 -1.0e-04 -1.5e-04 -1.5e-04 -5.0e-05
 -2.1e-04 -1.0e-04]|,|[-1.0e-04 -1.0e-04  0.0e+00 -1.0e-04  0.0e+00 -5.0e-05  0.0e+00 -5.0e-05
 -1.5e-04 -2.1e-04]|,|[ 0.0e+00  0.0e+00 -1.5e-04 -1.0e-04 -1.0e-04 -5.0e-05 -1.0e-04 -5.0e-05
 -1.0e-04 -5.0e-05]|,|[-5.0e-05 -1.0e-04 -1.0e-04 -5.0e-05 -1.0e-04 -5.0e-05 -5.0e-05  5.0e-05
 -1.0e-04 -1.5e-04]|,|[-1.0e-04 -5.0e-05 -1.5e-04 -5.0e-05 -5.0e-05 -2.6e-04 -1.0e-04 -1.0e-04
 -5.0e-05 -1.0e-04]|,|[ 0.0e+00 -1.0e-04  0.0e+00 -1.0e-04 -5.0e-05 -1.0e-04 -1.0e-04 -1.5e-04
  0.0e+00 -1.0e-04]|,|[-5.0e-05 -1.5e-04 -1.0e-04  1.0e-04 -1.5e-04 -1.5e-04 -5.0e-05 -5.0e-05
 -1.0e-04 -1.5e-04]|,|[-1.5e-04  0.0e+00 -5.0e-05 -1.0e-04 -5.0e-05 -1.5e-04 -1.0e-04  0.0e+00
 -5.0e-05 -1.0e-04]|,|[-1.0e-04 -5.0e-05 -1.0e-04 -2.1e-04 -5.0e-05  0.0e+00 -1.5e-04 -1.0e-04
  0.0e+00 -2.1e-04]|,|[-5.0e-05 -1.5e-04 -1.0e-04  0.0e+00 -5.0e-05 -1.0e-04 -5.0e-05 -1.5e-04
  0.0e+00 -5.0e-05]|,|[ 0.0e+00  0.0e+00 -1.0e-04 -1.5e-04  0.0e+00  0.0e+00 -1.5e-04 -2.6e-04
 -5.0e-05 -2.1e-04]|,|[-1.5e-04 -1.0e-04 -5.0e-05 -3.6e-04 -1.0e-04 -1.0e-04 -1.0e-04  0.0e+00
 -2.6e-04 -1.5e-04]|,|[-5.0e-05 -5.0e-05 -1.5e-04 -1.0e-04  5.0e-05 -1.5e-04 -5.0e-05 -5.0e-05
 -1.0e-04 -1.0e-04]|,|[-5.0e-05 -5.0e-05 -5.0e-05 -5.0e-05 -1.0e-04 -1.0e-04 -1.0e-04 -5.0e-05
 -1.5e-04 -1.0e-04]|,|[-1.0e-04 -5.0e-05 -5.0e-05 -1.0e-04 -1.0e-04 -5.0e-05 -5.0e-05 -5.0e-05
  3.6e-04  0.0e+00]|,|[-1.0e-04 -5.0e-05 -5.0e-05 -5.0e-05 -1.0e-04  0.0e+00 -1.0e-04 -1.0e-04
 -1.5e-04 -1.0e-04]|,|[-1.e-04 -1.e-04 -1.e-04 -5.e-05 -1.e-04 -1.e-04 -1.e-04 -5.e-05 -5.e-05
 -1.e-04]|,|[-1.e-04 -5.e-05 -1.e-04 -5.e-05 -5.e-05  0.e+00 -5.e-05  0.e+00  0.e+00
 -5.e-05]|,|[-5.e-05  0.e+00 -5.e-05 -1.e-04 -1.e-04 -1.e-04 -1.e-04  0.e+00 -1.e-04
 -5.e-05]|,|[-1.0e-04 -1.0e-04 -1.0e-04 -5.0e-05 -1.0e-04 -1.0e-04 -5.0e-05 -1.0e-04
 -1.5e-04 -5.0e-05]|,|[-5.0e-05 -5.0e-05 -1.0e-04 -5.0e-05 -5.0e-05 -5.0e-05  0.0e+00 -1.0e-04
 -2.1e-04 -5.0e-05]|,|[-1.0e-04  0.0e+00 -5.0e-05 -1.5e-04 -5.0e-05 -5.0e-05 -2.1e-04 -5.0e-05
 -1.5e-04 -1.0e-04]|,|[-5.0e-05  0.0e+00 -1.5e-04 -5.0e-05  0.0e+00 -5.0e-05 -5.0e-05 -5.0e-05
 -1.0e-04 -1.5e-04]|,|[-5.0e-05 -5.0e-05  0.0e+00 -5.0e-05 -1.0e-04  0.0e+00 -1.0e-04 -5.0e-05
 -1.5e-04 -1.0e-04]|,|[ 5.0e-05 -3.1e-04 -5.0e-05 -5.0e-05 -1.0e-04  1.0e-04  0.0e+00 -1.5e-04
  0.0e+00 -5.0e-05]|,|[ 0.0e+00 -1.0e-04 -1.0e-04  5.0e-05 -1.5e-04 -1.0e-04  0.0e+00 -1.0e-04
 -5.0e-05 -5.0e-05]|,|[-1.5e-04 -5.0e-05 -1.0e-04 -1.0e-04 -1.0e-04  0.0e+00 -5.0e-05 -1.0e-04
 -1.0e-04 -5.0e-05]|,|[-1.0e-04  5.0e-05 -5.0e-05 -5.0e-05  0.0e+00  0.0e+00 -5.0e-05 -1.5e-04
  0.0e+00 -1.0e-04]|,|[-1.e-04  5.e-05  0.e+00 -1.e-04 -5.e-05  0.e+00  5.e-05 -5.e-05 -5.e-05
 -1.e-04]|,|[-1.0e-04 -1.5e-04 -5.0e-05 -1.0e-04  1.0e-04 -1.0e-04 -1.0e-04  0.0e+00
 -5.0e-05 -5.0e-05]|,|[ 0.0e+00  0.0e+00 -5.0e-05  0.0e+00 -1.0e-04  0.0e+00 -1.0e-04 -5.0e-05
 -1.5e-04 -5.0e-05]|,|[-1.0e-04  1.0e-04 -1.0e-04 -1.5e-04  0.0e+00 -5.0e-05 -5.0e-05 -5.0e-05
 -5.0e-05 -1.0e-04]|,|[-1.5e-04  0.0e+00 -5.0e-05 -1.5e-04  0.0e+00 -1.0e-04 -1.0e-04 -5.0e-05
  0.0e+00 -5.0e-05]|,|[ 0.0e+00 -1.0e-04 -1.5e-04  0.0e+00 -1.0e-04 -5.0e-05 -1.5e-04 -1.5e-04
 -1.0e-04 -1.0e-04]|,|[ 0.0e+00  0.0e+00 -1.5e-04  5.0e-05 -5.0e-05 -1.5e-04 -1.0e-04 -5.0e-05
 -5.0e-05 -5.0e-05]|,|[-1.e-04  5.e-05  0.e+00 -1.e-04  0.e+00  0.e+00 -5.e-05  0.e+00 -5.e-05
 -1.e-04]|,|[-1.e-04 -5.e-05  5.e-05 -1.e-04  0.e+00  5.e-05  0.e+00 -1.e-04 -5.e-05
 -1.e-04]|,|[ 0.e+00 -5.e-05  5.e-05 -1.e-04 -5.e-05  5.e-05 -1.e-04  0.e+00  0.e+00
  0.e+00]|,|[ 0.e+00 -5.e-05 -5.e-05 -5.e-05  0.e+00 -5.e-05 -5.e-05 -5.e-05 -5.e-05
 -5.e-05]|,|[-5.0e-05 -1.5e-04 -5.0e-05 -5.0e-05  0.0e+00  0.0e+00  0.0e+00 -1.0e-04
 -1.0e-04 -5.0e-05]|,|[-5.e-05 -5.e-05  1.e-04  5.e-05 -5.e-05  5.e-05  0.e+00 -5.e-05 -5.e-05
  0.e+00]|,|[ 5.e-05 -1.e-04  0.e+00  0.e+00  5.e-05  1.e-04 -5.e-05  0.e+00  0.e+00
 -1.e-04]|,|[ 5.0e-05  5.0e-05  5.0e-05  5.0e-05 -1.0e-04  5.0e-05 -5.0e-05  0.0e+00
  0.0e+00  1.5e-04]|,|[-5.e-05  5.e-05  5.e-05  1.e-04  1.e-04  5.e-05  1.e-04  5.e-05  5.e-05
  0.e+00]|,|[0.0e+00 0.0e+00 2.1e-04 5.0e-05 2.1e-04 2.1e-04 1.0e-04 1.0e-04 1.0e-04
 1.0e-04]|,|[ 1.0e-04  1.0e-04  1.0e-04  1.0e-04  5.0e-05  1.5e-04  1.5e-04  1.5e-04
  1.0e-04 -1.0e-04]|,|[0.0001  0.00015 0.00026 0.00015 0.00015 0.00015 0.0001  0.00015 0.00021
 0.00021]|,|[2.1e-04 2.1e-04 1.5e-04 2.1e-04 2.6e-04 5.0e-05 2.6e-04 2.6e-04 2.6e-04
 2.1e-04]|,|[0.00031 0.00031 0.00031 0.00036 0.00026 0.00041 0.00026 0.00026 0.00036
 0.00041]|,|[0.00036 0.00046 0.00036 0.00031 0.00036 0.00036 0.00041 0.00036 0.00036
 0.00036]|,|[0.00062 0.00051 0.00046 0.00057 0.00041 0.00051 0.00057 0.00057 0.00057
 0.00051]|,|[0.00062 0.00067 0.00062 0.00062 0.00057 0.00067 0.00072 0.00067 0.00067
 0.00077]|,|[0.00087 0.00082 0.00077 0.00077 0.00072 0.00072 0.00093 0.00082 0.00072
 0.00087]|,|[0.00103 0.00098 0.00087 0.00103 0.00093 0.00098 0.00103 0.00093 0.00093
 0.00093]|,|[0.00124 0.00144 0.00124 0.00129 0.00129 0.00129 0.00134 0.00134 0.00124
 0.00124]|,|[0.00144 0.00149 0.00154 0.00154 0.0017  0.0016  0.0016  0.0016  0.0016
 0.00144]|,|[0.00196 0.0019  0.00201 0.00185 0.0019  0.00185 0.0019  0.00206 0.00196
 0.00175]|,|[0.00226 0.00237 0.00252 0.00221 0.00226 0.00226 0.00232 0.00226 0.00216
 0.00232]|,|[0.00283 0.00273 0.00283 0.00268 0.00288 0.00278 0.00273 0.00288 0.00273
 0.00278]|,|[0.00355 0.0035  0.0034  0.0035  0.00355 0.0034  0.00345 0.00345 0.00345
 0.0035 ]|,|[0.00412 0.00407 0.00407 0.00386 0.00412 0.00422 0.00417 0.00437 0.00417
 0.00417]|,|[0.00473 0.00484 0.00468 0.00468 0.00473 0.00468 0.00479 0.00479 0.00473
 0.00479]|,|[0.00576 0.00561 0.00561 0.00551 0.00551 0.00551 0.00561 0.00561 0.00551
 0.00551]|,|[0.00659 0.00643 0.00643 0.00638 0.00654 0.00643 0.00643 0.00638 0.00643
 0.00638]|,|[0.00715 0.00715 0.00726 0.00726 0.00721 0.00715 0.00715 0.00726 0.00715
 0.00726]|,|[0.00839 0.00834 0.00823 0.00839 0.00829 0.00829 0.00823 0.00839 0.00834
 0.00829]|,|[0.00921 0.00916 0.00921 0.00916 0.00937 0.00916 0.00926 0.00937 0.00921
 0.00921]|,|[0.01045 0.0104  0.0104  0.0104  0.01034 0.0104  0.01034 0.01029 0.01029
 0.0104 ]|,|[0.01132 0.01137 0.01143 0.01132 0.01148 0.01148 0.01137 0.01153 0.01143
 0.01148]|,|[0.01271 0.01276 0.01297 0.01281 0.01281 0.01276 0.01281 0.01281 0.01281
 0.01292]|,|[0.0141  0.014   0.014   0.0141  0.01405 0.014   0.014   0.0141  0.01405
 0.01405]|,|[0.01549 0.01554 0.01549 0.01544 0.01544 0.01544 0.01554 0.01544 0.01539
 0.01544]|,|[0.01673 0.01673 0.01683 0.01693 0.01683 0.01673 0.01683 0.01667 0.01688
 0.01673]|,|[0.01868 0.01858 0.01853 0.01863 0.01858 0.01853 0.01863 0.01863 0.01853
 0.01863]|,|[0.02007 0.02007 0.02007 0.02007 0.02007 0.02007 0.02007 0.02002 0.02007
 0.02007]|,|[0.02177 0.02172 0.02192 0.02177 0.02177 0.02192 0.02187 0.02182 0.02187
 0.02182]|,|[0.02398 0.02378 0.02383 0.02378 0.02393 0.02383 0.02393 0.02393 0.02393
 0.02383]|,|[0.02558 0.02563 0.02573 0.02553 0.02568 0.02563 0.02553 0.02563 0.02573
 0.02558]|,|[0.02774 0.02769 0.02769 0.02774 0.02779 0.02774 0.02769 0.02769 0.02774
 0.02779]|,|[0.0297  0.02964 0.0297  0.02964 0.02975 0.02975 0.0297  0.0297  0.0297
 0.0297 ]|,|[0.03227 0.03227 0.03227 0.03217 0.03222 0.03227 0.03222 0.03222 0.03227
 0.03227]|,|[0.03433 0.03443 0.03448 0.03443 0.03448 0.03433 0.03443 0.03448 0.03443
 0.03443]|,|[0.03716 0.03705 0.03726 0.03711 0.03711 0.03726 0.03716 0.03711 0.03726
 0.03716]|,|[0.03953 0.03958 0.03963 0.03963 0.03973 0.03968 0.03963 0.03958 0.03973
 0.03968]|,|[0.04292 0.04308 0.04302 0.04297 0.04292 0.04297 0.04308 0.04302 0.04297
 0.04313]|,|[0.04591 0.04601 0.0458  0.04586 0.04601 0.04596 0.04591 0.04591 0.04601
 0.04596]|,|[0.04961 0.04961 0.04966 0.04966 0.04966 0.04961 0.04966 0.04972 0.04977
 0.04966]|,|[0.05311 0.05316 0.05306 0.05322 0.05316 0.05316 0.05322 0.05322 0.05327
 0.05322]|,|[0.05754 0.05749 0.05754 0.0579  0.05759 0.05754 0.05764 0.05764 0.05769
 0.05769]|,|[0.06186 0.06186 0.06191 0.06176 0.06191 0.06196 0.06191 0.06202 0.06191
 0.06202]|
