|[-0.0005 -0.0005  0.0021  0.      0.001   0.0031  0.0021  0.0016  0.0021
  0.001 ]|,[0.0099 0.0104 0.0104 0.0104 0.011  0.011  0.0104 0.0104 0.0104 0.011 ],[0.0225 0.0225 0.0219 0.0225 0.0214 0.0225 0.0225 0.0225 0.0219 0.0219],[0.0308 0.0303 0.0303 0.0308 0.0303 0.0298 0.0303 0.0303 0.0303 0.0308],[0.0407 0.0407 0.0402 0.0413 0.0407 0.0407 0.0413 0.0407 0.0407 0.0413],[0.0501 0.0496 0.0501 0.0496 0.0501 0.0496 0.0501 0.0507 0.0496 0.0501],[0.0616 0.0616 0.0622 0.0622 0.0611 0.0622 0.0622 0.0622 0.0622 0.0616],[0.0705 0.07   0.0705 0.071  0.0705 0.071  0.071  0.0705 0.0705 0.0705],[0.082  0.082  0.082  0.082  0.0815 0.081  0.0815 0.0815 0.0815 0.0815],[0.0898 0.0898 0.0909 0.0904 0.0898 0.0898 0.0904 0.0904 0.0898 0.0909],[0.1013 0.1019 0.1019 0.1013 0.1019 0.1019 0.1013 0.1019 0.1019 0.1008],[0.1107 0.1102 0.1102 0.1107 0.1102 0.1102 0.1102 0.1102 0.1107 0.1102],[0.1207 0.1212 0.1207 0.1212 0.1212 0.1212 0.1212 0.1212 0.1212 0.1207],[0.1295 0.1295 0.1295 0.1295 0.1301 0.1301 0.1301 0.1301 0.1301 0.1295],[0.1416 0.1421 0.1416 0.1416 0.1416 0.1421 0.1421 0.1421 0.1421 0.1416],[0.152  0.1531 0.1525 0.152  0.152  0.1525 0.1525 0.1525 0.1525 0.152 ],[0.1614 0.1614 0.1614 0.1609 0.1609 0.1614 0.1609 0.1614 0.1614 0.1609],[0.1724 0.1724 0.1724 0.1724 0.1724 0.1729 0.1724 0.1719 0.1724 0.1724],[0.1813 0.1813 0.1813 0.1813 0.1813 0.1813 0.1807 0.1813 0.1813 0.1813],[0.1917 0.1917 0.1922 0.1917 0.1917 0.1917 0.1917 0.1917 0.1917 0.1917],[0.2001 0.2006 0.2006 0.2006 0.2006 0.2001 0.2006 0.2001 0.2011 0.2001],[0.2126 0.2126 0.2121 0.2131 0.2131 0.2121 0.2131 0.2126 0.2121 0.2121],[0.2215 0.222  0.221  0.222  0.2215 0.2215 0.221  0.2215 0.221  0.222 ],[0.2314 0.2319 0.2319 0.2325 0.2319 0.2319 0.2319 0.2319 0.2319 0.2325],[0.2424 0.2424 0.2424 0.2424 0.2424 0.2424 0.2424 0.2424 0.2429 0.2424],[0.2466 0.2471 0.2471 0.2466 0.2466 0.2466 0.2466 0.2466 0.2466 0.2466],[0.2554 0.2554 0.2554 0.2554 0.2554 0.2554 0.256  0.2554 0.2554 0.2554],[0.2669 0.2675 0.2675 0.2675 0.2669 0.2675 0.2675 0.2675 0.2675 0.2675],[0.2763 0.2763 0.2763 0.2763 0.2763 0.2763 0.2763 0.2763 0.2763 0.2763],[0.2868 0.2868 0.2873 0.2868 0.2868 0.2868 0.2868 0.2873 0.2868 0.2868],[0.2983 0.2988 0.2983 0.2983 0.2983 0.2983 0.2983 0.2983 0.2988 0.2983],[0.3072 0.3072 0.3072 0.3072 0.3072 0.3072 0.3072 0.3072 0.3066 0.3072],[0.3176 0.3171 0.3171 0.3176 0.3176 0.3176 0.3171 0.3176 0.3171 0.3176],[0.326  0.326  0.3254 0.326  0.3265 0.326  0.326  0.326  0.3265 0.326 ],[0.338  0.338  0.338  0.338  0.338  0.3385 0.338  0.338  0.338  0.338 ],[0.3469 0.3469 0.3469 0.3474 0.3469 0.3469 0.3474 0.3474 0.3469 0.3469],[0.3578 0.3573 0.3573 0.3578 0.3573 0.3578 0.3573 0.3573 0.3573 0.3573],[0.3662 0.3662 0.3667 0.3662 0.3662 0.3667 0.3662 0.3667 0.3667 0.3662],[0.3777 0.3782 0.3777 0.3777 0.3777 0.3782 0.3782 0.3777 0.3777 0.3782],[0.386  0.3866 0.386  0.3866 0.3871 0.3866 0.3866 0.3866 0.3866 0.3871],[0.397  0.397  0.3975 0.397  0.3965 0.397  0.397  0.397  0.3975 0.397 ],[0.4059 0.4059 0.4059 0.4059 0.4059 0.4059 0.4059 0.4059 0.4059 0.4059],[0.4179 0.4179 0.4174 0.4179 0.4179 0.4179 0.4184 0.4174 0.4179 0.4179],[0.4283 0.4283 0.4289 0.4283 0.4283 0.4283 0.4283 0.4283 0.4283 0.4283],[0.4372 0.4372 0.4372 0.4377 0.4377 0.4372 0.4372 0.4377 0.4372 0.4372],[0.4482 0.4482 0.4487 0.4482 0.4482 0.4487 0.4487 0.4482 0.4487 0.4492],[0.4576 0.4571 0.4571 0.4576 0.4571 0.4566 0.4571 0.4576 0.4576 0.4576],[0.468  0.468  0.468  0.4675 0.4675 0.4675 0.468  0.4675 0.4675 0.468 ],[0.4769 0.4769 0.4764 0.4764 0.4764 0.4769 0.4769 0.4769 0.4764 0.4769],[0.4884 0.4889 0.4889 0.4889 0.4884 0.4889 0.4889 0.4895 0.4889 0.4884],[0.4978 0.4973 0.4978 0.4973 0.4973 0.4978 0.4978 0.4978 0.4973 0.4973],[0.5083 0.5077 0.5083 0.5088 0.5083 0.5077 0.5077 0.5083 0.5077 0.5077],[0.5166 0.5171 0.5171 0.5171 0.5177 0.5166 0.5171 0.5166 0.5171 0.5171],[0.5276 0.5276 0.5271 0.5276 0.5276 0.5271 0.5281 0.5266 0.5276 0.5276],[0.536  0.536  0.5365 0.537  0.536  0.5365 0.5365 0.536  0.5365 0.5365],[0.5469 0.5459 0.5469 0.5464 0.5464 0.5469 0.5469 0.5469 0.5464 0.5469],[0.5558 0.5558 0.5558 0.5558 0.5553 0.5558 0.5553 0.5558 0.5558 0.5558],[0.5673 0.5678 0.5678 0.5678 0.5678 0.5678 0.5678 0.5678 0.5673 0.5678],[0.5788 0.5777 0.5788 0.5788 0.5777 0.5783 0.5783 0.5783 0.5783 0.5783],[0.5877 0.5871 0.5871 0.5871 0.5871 0.5871 0.5871 0.5871 0.5871 0.5871],[0.5981 0.5981 0.5986 0.5986 0.5986 0.5981 0.5981 0.5981 0.5981 0.5981],[0.607  0.607  0.607  0.607  0.607  0.607  0.6075 0.6075 0.6065 0.607 ],[0.6174 0.618  0.618  0.6174 0.618  0.618  0.6174 0.618  0.618  0.618 ],[0.6263 0.6268 0.6263 0.6268 0.6263 0.6263 0.6268 0.6263 0.6263 0.6263],[0.6389 0.6383 0.6383 0.6389 0.6383 0.6383 0.6383 0.6389 0.6383 0.6383],[0.6477 0.6472 0.6477 0.6477 0.6477 0.6472 0.6472 0.6472 0.6472 0.6472],[0.6577 0.6582 0.6582 0.6577 0.6582 0.6582 0.6577 0.6577 0.6577 0.6582],[0.6671 0.6671 0.666  0.6671 0.666  0.6665 0.6665 0.6665 0.6665 0.6665],[0.678  0.6775 0.6775 0.678  0.678  0.6786 0.6775 0.678  0.678  0.6775],[0.6869 0.6874 0.6864 0.6869 0.6869 0.6869 0.6869 0.6874 0.6869 0.6874],[0.6974 0.6974 0.6974 0.6974 0.6974 0.6974 0.6974 0.6974 0.6974 0.6974],[0.7094 0.7089 0.7094 0.7094 0.7094 0.7094 0.7094 0.7089 0.7094 0.7089],[0.7183 0.7183 0.7183 0.7183 0.7183 0.7177 0.7183 0.7188 0.7183 0.7183],[0.7282 0.7287 0.7287 0.7287 0.7292 0.7287 0.7292 0.7287 0.7287 0.7287],[0.7376 0.7376 0.7371 0.7376 0.7376 0.7371 0.7376 0.7376 0.7371 0.7376],[0.7486 0.7491 0.7486 0.7486 0.7486 0.7486 0.7486 0.7486 0.7486 0.7486],[0.7574 0.758  0.758  0.758  0.7574 0.7574 0.758  0.758  0.7574 0.7574],[0.7684 0.7684 0.7684 0.7684 0.7684 0.7679 0.7679 0.7679 0.7679 0.7679],[0.7768 0.7768 0.7773 0.7773 0.7768 0.7768 0.7773 0.7768 0.7773 0.7768],[0.7893 0.7893 0.7888 0.7898 0.7888 0.7893 0.7893 0.7893 0.7888 0.7888],[0.7982 0.7977 0.7982 0.7982 0.7982 0.7977 0.7977 0.7982 0.7977 0.7977],[0.8065 0.8065 0.8065 0.8065 0.8065 0.8065 0.8065 0.8065 0.8065 0.8065],[0.8154 0.8149 0.8159 0.8149 0.8154 0.8154 0.8154 0.8159 0.8154 0.8154],[0.8269 0.8269 0.8274 0.8269 0.8269 0.8269 0.8269 0.8269 0.8269 0.8269],[0.8358 0.8358 0.8358 0.8353 0.8363 0.8358 0.8358 0.8358 0.8358 0.8358],[0.8462 0.8462 0.8462 0.8468 0.8462 0.8462 0.8462 0.8468 0.8462 0.8468],[0.8583 0.8583 0.8583 0.8583 0.8583 0.8583 0.8577 0.8577 0.8583 0.8583],[0.8671 0.8671 0.8671 0.8671 0.8671 0.8671 0.8671 0.8671 0.8666 0.8666],[0.8771 0.8771 0.8776 0.8776 0.8776 0.8776 0.8776 0.8776 0.8776 0.8776],[0.8865 0.8865 0.8865 0.8859 0.8859 0.8865 0.8865 0.8865 0.8859 0.8865],[0.898  0.8974 0.8974 0.8974 0.898  0.8974 0.898  0.898  0.8974 0.8974],[0.9068 0.9063 0.9063 0.9063 0.9068 0.9063 0.9063 0.9063 0.9063 0.9063],[0.9168 0.9168 0.9168 0.9173 0.9173 0.9168 0.9173 0.9173 0.9168 0.9178],[0.9262 0.9256 0.9256 0.9262 0.9262 0.9256 0.9262 0.9267 0.9256 0.9256],[0.9382 0.9382 0.9387 0.9382 0.9377 0.9377 0.9377 0.9382 0.9382 0.9377],[0.9471 0.9465 0.9465 0.9471 0.9465 0.9465 0.9465 0.9465 0.9471 0.9471],[0.9575 0.957  0.9575 0.9575 0.957  0.9575 0.957  0.9575 0.9575 0.9575],[0.9664 0.9664 0.9659 0.9664 0.9664 0.9664 0.9659 0.9653 0.9669 0.9664],[0.9774 0.9774 0.9774 0.9774 0.9779 0.9779 0.9774 0.9774 0.9774 0.9774],[0.9878 0.9878 0.9878 0.9883 0.9878 0.9873 0.9878 0.9883 0.9883 0.9883],[0.9967 0.9972 0.9972 0.9977 0.9967 0.9967 0.9972 0.9967 0.9972 0.9967],[1.0087 1.0087 1.0087 1.0092 1.0087 1.0092 1.0087 1.0087 1.0092 1.0092],[1.0176 1.0176 1.0181 1.0181 1.0176 1.0171 1.0176 1.0176 1.0171 1.0176],[1.0275 1.0275 1.0275 1.028  1.028  1.028  1.0275 1.0275 1.028  1.028 ],[1.0369 1.0364 1.0369 1.0369 1.0369 1.0369 1.0369 1.0369 1.0369 1.0374],[1.0484 1.0484 1.0484 1.0484 1.0484 1.0484 1.0484 1.0484 1.0484 1.0484],[1.0573 1.0573 1.0573 1.0573 1.0578 1.0573 1.0573 1.0578 1.0573 1.0573],[1.0677 1.0682 1.0677 1.0682 1.0677 1.0682 1.0672 1.0677 1.0677 1.0677],[1.0771 1.0771 1.0766 1.0766 1.0766 1.0766 1.0766 1.0766 1.0771 1.0766],[1.0876 1.0876 1.0876 1.0881 1.0876 1.0876 1.0876 1.0876 1.0876 1.0881],[1.0965 1.0965 1.097  1.0959 1.0965 1.0959 1.0965 1.097  1.0965 1.0965],[1.1069 1.1069 1.1069 1.1069 1.1064 1.1069 1.1069 1.1069 1.1069 1.1074],[1.1163 1.1158 1.1158 1.1158 1.1163 1.1158 1.1158 1.1153 1.1158 1.1158],[1.1273 1.1273 1.1278 1.1273 1.1273 1.1273 1.1273 1.1278 1.1273 1.1273],[1.1377 1.1377 1.1382 1.1377 1.1377 1.1377 1.1377 1.1377 1.1377 1.1377],[1.1466 1.1466 1.1466 1.1466 1.1466 1.1471 1.1471 1.1471 1.1466 1.1471],[1.1581 1.1581 1.1581 1.1581 1.1581 1.1581 1.1581 1.1581 1.1581 1.1581],[1.167  1.1675 1.1675 1.1675 1.167  1.167  1.167  1.167  1.1675 1.1665],[1.1779 1.1774 1.1774 1.1774 1.1779 1.1774 1.1779 1.1779 1.1774 1.1774],[1.1863 1.1868 1.1868 1.1863 1.1863 1.1863 1.1863 1.1868 1.1868 1.1868],[1.1983 1.1978 1.1978 1.1983 1.1978 1.1978 1.1978 1.1983 1.1978 1.1978],[1.2072 1.2067 1.2072 1.2067 1.2072 1.2067 1.2067 1.2067 1.2067 1.2067],[1.2176 1.2171 1.2176 1.2176 1.2176 1.2176 1.2171 1.2171 1.2171 1.2176],[1.2265 1.226  1.226  1.2265 1.226  1.2271 1.226  1.226  1.226  1.2265],[1.238  1.238  1.238  1.2375 1.2375 1.2375 1.2375 1.238  1.238  1.238 ],[1.2469 1.2474 1.2469 1.2464 1.2469 1.2469 1.2474 1.2469 1.2469 1.2469],[1.2579 1.2579 1.2568 1.2579 1.2573 1.2573 1.2579 1.2573 1.2573 1.2573],[1.2688 1.2688 1.2688 1.2694 1.2688 1.2688 1.2688 1.2688 1.2694 1.2688],[1.2777 1.2772 1.2777 1.2777 1.2777 1.2777 1.2777 1.2772 1.2777 1.2777],[1.2887 1.2887 1.2882 1.2887 1.2882 1.2882 1.2882 1.2887 1.2887 1.2882],[1.297  1.297  1.297  1.297  1.297  1.2976 1.297  1.297  1.297  1.2976],[1.3085 1.3085 1.3085 1.3085 1.3085 1.3085 1.3085 1.3085 1.3091 1.3091],[1.3174 1.3174 1.3179 1.3174 1.3179 1.3174 1.3174 1.3174 1.3174 1.3179],[1.3279 1.3279 1.3279 1.3279 1.3279 1.3279 1.3279 1.3289 1.3279 1.3284],[1.3378 1.3373 1.3373 1.3373 1.3367 1.3378 1.3373 1.3378 1.3367 1.3378],[1.3488 1.3488 1.3482 1.3488 1.3488 1.3488 1.3488 1.3488 1.3482 1.3482],[1.3576 1.3582 1.3576 1.3576 1.3576 1.3571 1.3571 1.3571 1.3571 1.3571],[1.3681 1.3681 1.3681 1.3681 1.3681 1.3676 1.3681 1.3681 1.3676 1.3676],[1.3723 1.3728 1.3728 1.3723 1.3728 1.3728 1.3723 1.3723 1.3723 1.3728],[1.3832 1.3832 1.3832 1.3827 1.3832 1.3832 1.3832 1.3832 1.3832 1.3832],[1.3926 1.3916 1.3921 1.3916 1.3921 1.3921 1.3926 1.3921 1.3921 1.3926],[1.4036 1.4036 1.4036 1.4031 1.4031 1.4036 1.4031 1.4041 1.4031 1.4036],[1.4141 1.4141 1.4141 1.4146 1.4141 1.4146 1.4141 1.4146 1.4146 1.4141],[1.4229 1.4229 1.4229 1.4229 1.4235 1.4229 1.4224 1.4229 1.4229 1.4235],[1.435  1.4355 1.435  1.4355 1.435  1.4355 1.435  1.4344 1.435  1.435 ],[1.4438 1.4438 1.4438 1.4433 1.4438 1.4433 1.4433 1.4438 1.4433 1.4438],[1.4538 1.4543 1.4538 1.4538 1.4543 1.4538 1.4543 1.4538 1.4538 1.4543],[1.4626 1.4632 1.4632 1.4637 1.4637 1.4632 1.4626 1.4632 1.4632 1.4632],[1.4747 1.4747 1.4741 1.4741 1.4747 1.4741 1.4741 1.4747 1.4741 1.4741],[1.4835 1.4835 1.4835 1.4835 1.4841 1.483  1.4835 1.4841 1.4835 1.4835],[1.494  1.494  1.4945 1.4935 1.494  1.494  1.4945 1.494  1.4945 1.494 ],[1.5034 1.5029 1.5029 1.5023 1.5034 1.5034 1.5029 1.5029 1.5029 1.5029],[1.5144 1.5144 1.5144 1.5149 1.5144 1.5144 1.5149 1.5149 1.5144 1.5144],[1.5238 1.5232 1.5232 1.5232 1.5232 1.5232 1.5232 1.5238 1.5232 1.5238],[1.5342 1.5342 1.5342 1.5342 1.5342 1.5342 1.5342 1.5337 1.5347 1.5342],[1.5457 1.5457 1.5452 1.5457 1.5457 1.5452 1.5457 1.5452 1.5457 1.5452],[1.5546 1.5546 1.5541 1.5546 1.5546 1.5541 1.5546 1.5546 1.5546 1.5546],[1.5645 1.565  1.565  1.565  1.565  1.5645 1.565  1.565  1.565  1.5645],[1.5739 1.5739 1.5739 1.5739 1.5739 1.5739 1.5739 1.5739 1.5739 1.5739],[1.5854 1.5854 1.5854 1.5854 1.5854 1.5854 1.5849 1.5859 1.5849 1.5854],[1.5943 1.5948 1.5943 1.5943 1.5943 1.5938 1.5943 1.5943 1.5938 1.5943],[1.6047 1.6047 1.6047 1.6047 1.6047 1.6047 1.6047 1.6047 1.6052 1.6047],[1.6136 1.6136 1.6131 1.6136 1.6136 1.6136 1.6131 1.6136 1.6131 1.6136],[1.6251 1.6246 1.6246 1.6256 1.6246 1.6251 1.6251 1.6251 1.6251 1.6251],[1.634  1.6335 1.634  1.634  1.634  1.634  1.6335 1.634  1.634  1.634 ],[1.6444 1.6444 1.6444 1.6449 1.6444 1.6444 1.6449 1.6444 1.6444 1.6444],[1.6533 1.6533 1.6533 1.6533 1.6533 1.6533 1.6533 1.6533 1.6533 1.6533],[1.6643 1.6638 1.6643 1.6643 1.6638 1.6643 1.6648 1.6638 1.6638 1.6643],[1.6732 1.6726 1.6737 1.6732 1.6732 1.6732 1.6732 1.6726 1.6732 1.6726],[1.6836 1.6836 1.6836 1.6836 1.6836 1.6836 1.6836 1.6836 1.6831 1.6831],[1.6956 1.6951 1.6951 1.6951 1.6951 1.6956 1.6946 1.6951 1.6951 1.6951],[1.704  1.704  1.704  1.704  1.7045 1.704  1.704  1.7035 1.704  1.7035],[1.7144 1.7144 1.7149 1.7144 1.7149 1.7144 1.7144 1.7144 1.7144 1.7144],[1.7233 1.7233 1.7233 1.7233 1.7233 1.7228 1.7233 1.7233 1.7238 1.7233],[1.7348 1.7343 1.7348 1.7348 1.7353 1.7348 1.7348 1.7348 1.7343 1.7348],[1.7442 1.7437 1.7437 1.7437 1.7437 1.7437 1.7437 1.7442 1.7432 1.7437],[1.7541 1.7541 1.7541 1.7541 1.7536 1.7541 1.7541 1.7541 1.7541 1.7541],[1.7635 1.7635 1.763  1.763  1.7635 1.763  1.7635 1.763  1.763  1.7635],[1.774  1.774  1.7745 1.774  1.7745 1.7745 1.7745 1.774  1.7745 1.7745],[1.7839 1.7834 1.7834 1.7834 1.7839 1.7834 1.7834 1.7839 1.7834 1.7839],[1.7943 1.7938 1.7938 1.7938 1.7938 1.7938 1.7933 1.7943 1.7933 1.7933],[1.8027 1.8027 1.8027 1.8027 1.8022 1.8027 1.8022 1.8032 1.8022 1.8027],[1.8142 1.8147 1.8147 1.8147 1.8147 1.8147 1.8142 1.8147 1.8142 1.8142],[1.8241 1.8252 1.8252 1.8252 1.8252 1.8252 1.8246 1.8252 1.8252 1.8246],[1.8335 1.833  1.8335 1.834  1.8335 1.834  1.834  1.8335 1.8335 1.8335],[1.845  1.845  1.8445 1.8445 1.8445 1.845  1.8445 1.8445 1.845  1.8445],[1.8529 1.8534 1.8539 1.8534 1.8534 1.8534 1.8534 1.8529 1.8539 1.8539],[1.8633 1.8638 1.8638 1.8638 1.8638 1.8633 1.8638 1.8638 1.8633 1.8643],[1.8722 1.8722 1.8722 1.8722 1.8722 1.8722 1.8717 1.8717 1.8722 1.8722],[1.8831 1.8831 1.8837 1.8837 1.8837 1.8837 1.8842 1.8837 1.8831 1.8831],[1.892  1.892  1.892  1.8915 1.8915 1.8915 1.8915 1.8926 1.892  1.892 ],[1.902  1.902  1.902  1.902  1.902  1.902  1.9025 1.9025 1.902  1.902 ],[1.9098 1.9098 1.9103 1.9103 1.9098 1.9103 1.9093 1.9103 1.9103 1.9103],[1.9208 1.9202 1.9202 1.9208 1.9208 1.9208 1.9208 1.9208 1.9208 1.9208],[1.9317 1.9323 1.9317 1.9323 1.9323 1.9323 1.9323 1.9323 1.9323 1.9328],[1.9417 1.9417 1.9417 1.9411 1.9411 1.9417 1.9417 1.9411 1.9422 1.9417],[1.9495 1.949  1.949  1.9495 1.949  1.949  1.9495 1.95   1.949  1.9495],[1.9589 1.9589 1.9594 1.9589 1.9589 1.9589 1.9594 1.9589 1.9589 1.9594],[1.9683 1.9683 1.9683 1.9683 1.9683 1.9678 1.9683 1.9683 1.9683 1.9683],[1.9756 1.9756 1.9751 1.9756 1.9751 1.9751 1.9756 1.9756 1.9751 1.9756],[1.985  1.985  1.9845 1.985  1.985  1.985  1.985  1.985  1.985  1.985 ],[1.9918 1.9918 1.9913 1.9918 1.9918 1.9913 1.9913 1.9913 1.9923 1.9913],[1.9996 1.9996 1.9996 1.9996 1.9996 1.9996 2.0002 2.0002 1.9996 2.0002],[2.0064 2.0064 2.0064 2.0064 2.0064 2.0064 2.007  2.0059 2.0064 2.0064],[2.0148 2.0148 2.0148 2.0143 2.0148 2.0148 2.0148 2.0153 2.0148 2.0148],[2.0211 2.0211 2.0211 2.0216 2.0211 2.0211 2.0216 2.0211 2.0211 2.0211],[2.0289 2.0284 2.0284 2.0284 2.0278 2.0284 2.0284 2.0278 2.0289 2.0284],[2.0346 2.0346 2.0346 2.0341 2.0346 2.0341 2.0341 2.0346 2.0346 2.0341],[2.0425 2.0419 2.0425 2.0419 2.0419 2.0414 2.0419 2.0419 2.0419 2.0419],[2.0477 2.0477 2.0472 2.0472 2.0472 2.0472 2.0477 2.0477 2.0472 2.0472],[2.054  2.054  2.0534 2.054  2.054  2.054  2.054  2.054  2.0534 2.0534],[2.0602 2.0597 2.0602 2.0602 2.0602 2.0602 2.0597 2.0608 2.0608 2.0608],[2.0649 2.0649 2.0655 2.0649 2.0655 2.0655 2.0649 2.0655 2.0649 2.0655],[2.0707 2.0707 2.0707 2.0707 2.0702 2.0707 2.0712 2.0707 2.0702 2.0702],[2.0754 2.0749 2.0749 2.0749 2.0749 2.0754 2.0749 2.0749 2.0743 2.0754],[2.0806 2.0801 2.0806 2.0806 2.0801 2.0806 2.0806 2.0806 2.0801 2.0806],[2.0843 2.0848 2.0837 2.0843 2.0843 2.0843 2.0837 2.0848 2.0843 2.0843],[2.0884 2.0884 2.089  2.0884 2.0884 2.089  2.0884 2.0884 2.0884 2.089 ],[2.0916 2.0921 2.0921 2.0921 2.0916 2.0916 2.0916 2.0921 2.0921 2.0916],[2.0963 2.0963 2.0963 2.0963 2.0963 2.0963 2.0963 2.0963 2.0963 2.0963],[2.0989 2.0994 2.0989 2.0994 2.0989 2.0989 2.0989 2.0989 2.0994 2.0989],[2.102  2.1025 2.1025 2.1031 2.1025 2.1025 2.1025 2.102  2.1025 2.102 ],[2.1052 2.1052 2.1046 2.1052 2.1046 2.1052 2.1046 2.1046 2.1052 2.1046],[2.1078 2.1078 2.1083 2.1078 2.1083 2.1078 2.1078 2.1078 2.1083 2.1078],[2.1104 2.1099 2.1104 2.1099 2.1093 2.1099 2.1099 2.1104 2.1099 2.1104],[2.113  2.1125 2.113  2.1125 2.1125 2.1125 2.1125 2.113  2.1125 2.113 ],[2.1156 2.1156 2.1156 2.1156 2.1156 2.1156 2.1156 2.1156 2.1156 2.1156],[2.1172 2.1172 2.1172 2.1172 2.1172 2.1172 2.1172 2.1177 2.1172 2.1172],[2.1198 2.1198 2.1198 2.1198 2.1198 2.1198 2.1198 2.1193 2.1198 2.1198],[2.1214 2.1214 2.1214 2.1208 2.1214 2.1208 2.1214 2.1208 2.1214 2.1208],[2.124  2.124  2.1234 2.124  2.124  2.124  2.124  2.1234 2.1234 2.124 ],[2.125  2.125  2.125  2.125  2.125  2.125  2.125  2.1245 2.125  2.1245],[2.1271 2.1266 2.1266 2.1271 2.1271 2.1271 2.1271 2.1271 2.1266 2.1271],[2.1281 2.1287 2.1287 2.1287 2.1281 2.1287 2.1281 2.1281 2.1287 2.1276],[2.1308 2.1308 2.1308 2.1308 2.1313 2.1313 2.1313 2.1302 2.1308 2.1308],[2.1318 2.1318 2.1318 2.1323 2.1323 2.1318 2.1328 2.1318 2.1323 2.1318],[2.1344 2.1339 2.1344 2.1339 2.1344 2.1339 2.1339 2.1334 2.1344 2.1339],[2.1349 2.1355 2.136  2.1355 2.1355 2.1355 2.1355 2.1349 2.1355 2.1349],[2.1386 2.1381 2.1381 2.1381 2.1381 2.1381 2.1381 2.1375 2.1375 2.1381],[2.1396 2.1402 2.1402 2.1402 2.1396 2.1396 2.1396 2.1396 2.1396 2.1402],[2.1412 2.1417 2.1417 2.1417 2.1417 2.1412 2.1412 2.1412 2.1417 2.1412],[2.1443 2.1443 2.1438 2.1438 2.1438 2.1438 2.1433 2.1438 2.1438 2.1438],[2.1459 2.1459 2.1454 2.1454 2.1454 2.1459 2.1454 2.1454 2.1454 2.1454],[2.148  2.1475 2.148  2.148  2.1475 2.1475 2.1475 2.1475 2.148  2.1475],[2.149  2.149  2.149  2.149  2.1496 2.149  2.149  2.149  2.149  2.149 ],[2.1527 2.1522 2.1522 2.1522 2.1522 2.1527 2.1522 2.1522 2.1522 2.1522],[2.1548 2.1537 2.1537 2.1537 2.1537 2.1543 2.1543 2.1537 2.1543 2.1543],[2.1574 2.1569 2.1569 2.1569 2.1569 2.1563 2.1569 2.1569 2.1563 2.1569],[2.1584 2.159  2.1584 2.159  2.1584 2.159  2.159  2.1584 2.1584 2.1584],[2.1626 2.1621 2.1626 2.1626 2.1621 2.1626 2.1626 2.1621 2.1621 2.1626],[2.1647 2.1647 2.1647 2.1647 2.1647 2.1652 2.1647 2.1647 2.1642 2.1642],[2.1663 2.1658 2.1658 2.1658 2.1658 2.1652 2.1658 2.1658 2.1658 2.1658],[2.1689 2.1684 2.1689 2.1684 2.1684 2.1684 2.1678 2.1689 2.1684 2.1684],[2.172  2.172  2.172  2.172  2.172  2.172  2.172  2.1715 2.172  2.1715],[2.1757 2.1762 2.1762 2.1762 2.1762 2.1762 2.1762 2.1757 2.1762 2.1757],[2.1793 2.1793 2.1793 2.1793 2.1793 2.1793 2.1788 2.1788 2.1788 2.1793],[2.1825 2.183  2.183  2.183  2.183  2.1835 2.183  2.1825 2.183  2.183 ],[2.1861 2.1866 2.1861 2.1861 2.1861 2.1861 2.1856 2.1856 2.1866 2.1861],[2.1908 2.1908 2.1908 2.1903 2.1908 2.1908 2.1908 2.1908 2.1908 2.1908],[2.1945 2.1945 2.1945 2.1945 2.1945 2.1945 2.1945 2.194  2.1945 2.1945],[2.1992 2.1987 2.1987 2.1992 2.1987 2.1987 2.1992 2.1981 2.1987 2.1992],[2.2028 2.2023 2.2028 2.2018 2.2028 2.2023 2.2023 2.2028 2.2023 2.2023],[2.2081 2.2075 2.2081 2.2075 2.2075 2.2075 2.2081 2.2075 2.2075 2.2075],[2.2117 2.2117 2.2117 2.2112 2.2112 2.2112 2.2117 2.2117 2.2112 2.2117],[2.2164 2.2164 2.2169 2.2164 2.2169 2.2164 2.2159 2.2164 2.2164 2.2164],[2.2201 2.2201 2.2206 2.2201 2.2206 2.2206 2.2206 2.2206 2.2206 2.2206],[2.2263 2.2269 2.2263 2.2263 2.2263 2.2263 2.2258 2.2263 2.2258 2.2269],[2.2316 2.2321 2.2316 2.231  2.2316 2.2316 2.231  2.2316 2.2321 2.2316],[2.2357 2.2357 2.2357 2.2357 2.2357 2.2352 2.2357 2.2357 2.2352 2.2357],[2.2415 2.2415 2.241  2.241  2.2415 2.241  2.2415 2.241  2.241  2.2415],[2.2462 2.2462 2.2462 2.2462 2.2467 2.2457 2.2462 2.2462 2.2462 2.2457],[2.2634 2.2629 2.2634 2.264  2.264  2.265  2.2645 2.2645 2.265  2.265 ],[2.2922 2.2927 2.2927 2.2932 2.2927 2.2927 2.2927 2.2927 2.2932 2.2927],[2.3005 2.3016 2.3016 2.3005 2.301  2.3005 2.3005 2.301  2.301  2.3016],[2.3063 2.3063 2.3068 2.3068 2.3063 2.3057 2.3063 2.3068 2.3063 2.3068],[2.3125 2.3125 2.3125 2.3131 2.312  2.3125 2.3125 2.3125 2.3131 2.312 ],[2.3204 2.3193 2.3199 2.3199 2.3199 2.3193 2.3193 2.3199 2.3204 2.3199],[2.3303 2.3303 2.3303 2.3308 2.3303 2.3303 2.3298 2.3303 2.3303 2.3303],[2.3428 2.3434 2.3434 2.3434 2.3434 2.3439 2.3439 2.3439 2.3439 2.3439]
|[ 5.e-05  1.e-04  5.e-05 -5.e-05  1.e-04 -5.e-05  0.e+00  5.e-05  0.e+00
  5.e-05]|,|[ 0.e+00  0.e+00  5.e-05  0.e+00  0.e+00  1.e-04 -1.e-04  0.e+00  0.e+00
 -1.e-04]|,|[ 0.e+00  0.e+00  0.e+00  5.e-05 -5.e-05  0.e+00  5.e-05  0.e+00  5.e-05
  1.e-04]|,|[ 5.e-05  5.e-05  5.e-05  0.e+00  5.e-05 -5.e-05  0.e+00 -5.e-05  0.e+00
  5.e-05]|,|[ 5.e-05 -5.e-05 -1.e-04  5.e-05 -5.e-05  0.e+00  5.e-05 -5.e-05  0.e+00
  5.e-05]|,|[-5.e-05 -5.e-05  0.e+00  5.e-05 -5.e-05 -5.e-05  0.e+00  0.e+00 -5.e-05
  0.e+00]|,|[-5.e-05 -5.e-05  5.e-05  5.e-05  0.e+00  0.e+00 -5.e-05 -5.e-05  0.e+00
 -5.e-05]|,|[ 0.0e+00  0.0e+00  0.0e+00  5.0e-05  0.0e+00  2.1e-04  0.0e+00  0.0e+00
  0.0e+00 -5.0e-05]|,|[ 5.e-05  0.e+00 -5.e-05  5.e-05 -1.e-04 -5.e-05  5.e-05 -1.e-04 -5.e-05
  0.e+00]|,|[ 0.e+00 -5.e-05  1.e-04  0.e+00  5.e-05  5.e-05 -1.e-04 -5.e-05  1.e-04
  0.e+00]|,|[-5.0e-05  1.0e-04  5.0e-05 -1.5e-04  5.0e-05  0.0e+00 -1.0e-04  0.0e+00
  5.0e-05  5.0e-05]|,|[ 0.e+00  5.e-05  5.e-05 -5.e-05  5.e-05  5.e-05  0.e+00  5.e-05  1.e-04
  5.e-05]|,|[ 0.0e+00 -5.0e-05  5.0e-05 -5.0e-05  1.5e-04  5.0e-05 -5.0e-05  5.0e-05
  0.0e+00 -5.0e-05]|,|[ 5.e-05  5.e-05 -5.e-05  0.e+00  5.e-05  0.e+00  1.e-04  5.e-05  0.e+00
  5.e-05]|,|[ 0.e+00  0.e+00 -5.e-05  5.e-05 -5.e-05  0.e+00  5.e-05 -5.e-05  5.e-05
  5.e-05]|,|[ 1.e-04  0.e+00  0.e+00  0.e+00  0.e+00  5.e-05  5.e-05  5.e-05 -5.e-05
 -5.e-05]|,|[ 0.e+00 -5.e-05  0.e+00  5.e-05  5.e-05 -5.e-05  5.e-05  5.e-05 -5.e-05
  0.e+00]|,|[-5.e-05 -5.e-05  5.e-05 -5.e-05 -1.e-04  5.e-05 -1.e-04  0.e+00  0.e+00
  0.e+00]|,|[-5.e-05  0.e+00 -5.e-05  5.e-05 -5.e-05  0.e+00  5.e-05 -5.e-05  5.e-05
  5.e-05]|,|[-5.e-05  0.e+00  5.e-05 -5.e-05 -5.e-05  0.e+00 -5.e-05  0.e+00 -5.e-05
  0.e+00]|,|[-5.e-05  0.e+00  5.e-05 -5.e-05  1.e-04  5.e-05 -5.e-05  0.e+00  5.e-05
  0.e+00]|,|[-5.e-05  0.e+00  5.e-05  5.e-05  0.e+00 -5.e-05  0.e+00 -5.e-05  5.e-05
  0.e+00]|,|[-5.e-05  5.e-05  5.e-05 -5.e-05  5.e-05  5.e-05 -5.e-05  0.e+00  0.e+00
  0.e+00]|,|[ 0.e+00 -5.e-05  0.e+00 -5.e-05  0.e+00  0.e+00  0.e+00 -5.e-05 -5.e-05
  0.e+00]|,|[-5.0e-05  0.0e+00  0.0e+00  0.0e+00  5.0e-05 -5.0e-05 -1.5e-04 -5.0e-05
  0.0e+00  0.0e+00]|,|[ 0.0e+00  1.5e-04  0.0e+00 -5.0e-05  5.0e-05  5.0e-05  5.0e-05  1.0e-04
  5.0e-05 -5.0e-05]|,|[ 0.e+00  0.e+00  5.e-05  5.e-05  5.e-05 -5.e-05  0.e+00  5.e-05  0.e+00
  0.e+00]|,|[-5.e-05  5.e-05  0.e+00  1.e-04  0.e+00 -5.e-05  0.e+00  5.e-05  0.e+00
 -5.e-05]|,|[-5.e-05 -5.e-05  0.e+00  0.e+00 -5.e-05  1.e-04 -5.e-05 -5.e-05 -1.e-04
  0.e+00]|,|[ 0.e+00  0.e+00  0.e+00  5.e-05 -5.e-05 -5.e-05  0.e+00  0.e+00  0.e+00
 -5.e-05]|,|[-5.e-05  5.e-05  0.e+00 -5.e-05  5.e-05  5.e-05 -5.e-05 -5.e-05  0.e+00
  0.e+00]|,|[-2.1e-04  0.0e+00  5.0e-05 -1.0e-04  5.0e-05 -5.0e-05  5.0e-05  0.0e+00
  1.0e-04  0.0e+00]|,|[-5.e-05 -1.e-04 -1.e-04  0.e+00  0.e+00 -1.e-04  0.e+00 -5.e-05 -5.e-05
  1.e-04]|,|[ 0.e+00  0.e+00 -5.e-05 -5.e-05 -5.e-05  0.e+00 -5.e-05  0.e+00  0.e+00
 -5.e-05]|,|[-5.0e-05  5.0e-05  0.0e+00 -1.0e-04  0.0e+00 -1.5e-04 -5.0e-05 -5.0e-05
 -5.0e-05 -5.0e-05]|,|[ 5.e-05  0.e+00 -5.e-05  5.e-05 -5.e-05  0.e+00  5.e-05  5.e-05 -1.e-04
  5.e-05]|,|[-5.0e-05 -2.1e-04  0.0e+00  0.0e+00  0.0e+00 -5.0e-05 -5.0e-05 -5.0e-05
 -1.0e-04  0.0e+00]|,|[ 1.e-04  5.e-05  1.e-04 -5.e-05  0.e+00  5.e-05  0.e+00  0.e+00  5.e-05
 -5.e-05]|,|[ 0.e+00  0.e+00 -1.e-04  5.e-05 -5.e-05  0.e+00  0.e+00 -5.e-05  5.e-05
  0.e+00]|,|[-5.e-05  0.e+00  0.e+00 -5.e-05  0.e+00  0.e+00 -1.e-04 -5.e-05  0.e+00
 -5.e-05]|,|[-1.0e-04 -1.5e-04 -1.0e-04 -1.0e-04  5.0e-05 -5.0e-05 -1.0e-04  0.0e+00
  5.0e-05 -5.0e-05]|,|[ 0.e+00  0.e+00  0.e+00  5.e-05 -5.e-05  5.e-05  0.e+00  0.e+00  0.e+00
  0.e+00]|,|[ 0.0e+00 -1.0e-04  0.0e+00  0.0e+00 -5.0e-05 -1.5e-04 -5.0e-05 -5.0e-05
  0.0e+00  0.0e+00]|,|[-5.e-05 -5.e-05  0.e+00  0.e+00 -5.e-05  5.e-05  0.e+00 -5.e-05  5.e-05
 -5.e-05]|,|[ 5.e-05  0.e+00 -5.e-05  0.e+00 -5.e-05 -1.e-04  5.e-05  0.e+00  0.e+00
  0.e+00]|,|[-5.e-05 -5.e-05 -1.e-04  0.e+00  0.e+00  0.e+00 -5.e-05 -5.e-05  5.e-05
  0.e+00]|,|[-1.e-04 -5.e-05 -5.e-05  5.e-05 -5.e-05  5.e-05  0.e+00  0.e+00 -5.e-05
 -1.e-04]|,|[ 0.e+00 -5.e-05 -5.e-05  0.e+00 -1.e-04 -5.e-05  0.e+00  0.e+00 -1.e-04
  0.e+00]|,|[-5.e-05  0.e+00  0.e+00 -1.e-04 -5.e-05  0.e+00 -1.e-04  5.e-05 -5.e-05
 -1.e-04]|,|[ 0.e+00  5.e-05 -5.e-05  5.e-05 -5.e-05 -5.e-05  0.e+00  0.e+00  0.e+00
 -5.e-05]|,|[-1.e-04 -5.e-05  0.e+00 -5.e-05  0.e+00  0.e+00 -5.e-05  1.e-04  0.e+00
 -5.e-05]|,|[ 0.e+00 -5.e-05  5.e-05 -1.e-04  0.e+00 -5.e-05 -5.e-05  5.e-05  0.e+00
 -5.e-05]|,|[ 0.0e+00  5.0e-05 -5.0e-05 -5.0e-05 -5.0e-05 -1.5e-04  1.0e-04  1.0e-04
 -5.0e-05 -5.0e-05]|,|[ 0.e+00  0.e+00  0.e+00  0.e+00  5.e-05 -1.e-04 -5.e-05 -5.e-05  0.e+00
  0.e+00]|,|[ 5.e-05 -5.e-05  5.e-05  0.e+00  0.e+00 -5.e-05 -5.e-05  0.e+00 -5.e-05
  1.e-04]|,|[-5.e-05 -5.e-05  0.e+00  0.e+00 -5.e-05  0.e+00  0.e+00 -5.e-05  5.e-05
  0.e+00]|,|[-5.0e-05  0.0e+00 -1.0e-04 -5.0e-05  1.5e-04 -5.0e-05 -5.0e-05 -1.0e-04
 -5.0e-05  0.0e+00]|,|[-1.e-04 -5.e-05 -5.e-05 -5.e-05  0.e+00  5.e-05  0.e+00  0.e+00  0.e+00
  0.e+00]|,|[-1.e-04 -5.e-05 -5.e-05 -5.e-05  0.e+00 -5.e-05  5.e-05 -1.e-04  0.e+00
  5.e-05]|,|[ 1.0e-04  1.0e-04 -1.5e-04  0.0e+00 -1.0e-04  0.0e+00  0.0e+00  0.0e+00
 -5.0e-05 -5.0e-05]|,|[-5.e-05 -5.e-05  5.e-05 -5.e-05  0.e+00  0.e+00 -5.e-05  0.e+00 -5.e-05
  5.e-05]|,|[-5.e-05 -5.e-05  0.e+00  5.e-05 -5.e-05  0.e+00  5.e-05  0.e+00  0.e+00
  0.e+00]|,|[-1.5e-04  5.0e-05  0.0e+00 -5.0e-05  5.0e-05 -5.0e-05 -5.0e-05  0.0e+00
 -5.0e-05  0.0e+00]|,|[ 1.0e-04  0.0e+00 -1.0e-04  0.0e+00 -1.0e-04 -1.0e-04  1.0e-04  1.5e-04
 -5.0e-05 -1.0e-04]|,|[ 0.0e+00 -5.0e-05  5.0e-05 -1.0e-04 -5.0e-05  1.0e-04 -1.0e-04 -5.0e-05
 -5.0e-05 -2.6e-04]|,|[ 0.e+00  5.e-05 -5.e-05 -1.e-04 -5.e-05 -5.e-05  5.e-05  0.e+00 -1.e-04
 -5.e-05]|,|[ 0.e+00  5.e-05  0.e+00 -5.e-05  0.e+00  0.e+00 -5.e-05  0.e+00 -5.e-05
 -5.e-05]|,|[ 0.e+00  0.e+00 -1.e-04  1.e-04 -5.e-05 -5.e-05 -5.e-05 -1.e-04  0.e+00
  0.e+00]|,|[ 0.0e+00 -1.0e-04  0.0e+00  1.0e-04 -5.0e-05  1.5e-04  0.0e+00  0.0e+00
 -5.0e-05  0.0e+00]|,|[ 0.0e+00  5.0e-05 -5.0e-05  0.0e+00  0.0e+00 -5.0e-05  5.0e-05  5.0e-05
 -1.5e-04  0.0e+00]|,|[ 0.0e+00 -5.0e-05  5.0e-05 -1.5e-04  0.0e+00  0.0e+00  0.0e+00 -5.0e-05
  0.0e+00  0.0e+00]|,|[ 0.0e+00  5.0e-05  0.0e+00 -5.0e-05  0.0e+00 -1.5e-04  1.0e-04  1.0e-04
  0.0e+00  0.0e+00]|,|[-1.e-04  5.e-05  1.e-04 -1.e-04  1.e-04 -5.e-05 -1.e-04 -5.e-05  5.e-05
  0.e+00]|,|[-5.e-05  5.e-05  0.e+00  0.e+00 -5.e-05  0.e+00  0.e+00 -5.e-05  0.e+00
 -5.e-05]|,|[ 5.0e-05  0.0e+00 -5.0e-05  0.0e+00  0.0e+00 -5.0e-05 -3.1e-04  0.0e+00
 -5.0e-05  5.0e-05]|,|[-1.5e-04  5.0e-05  5.0e-05  0.0e+00  0.0e+00 -5.0e-05 -2.1e-04  0.0e+00
 -5.0e-05  0.0e+00]|,|[ 5.e-05  1.e-04  0.e+00  0.e+00  5.e-05  0.e+00  0.e+00  5.e-05  5.e-05
 -5.e-05]|,|[-1.e-04  0.e+00 -5.e-05 -1.e-04  1.e-04  0.e+00 -5.e-05  0.e+00 -5.e-05
 -1.e-04]|,|[ 0.e+00  0.e+00  0.e+00  5.e-05  0.e+00  5.e-05  5.e-05  0.e+00 -5.e-05
 -1.e-04]|,|[ 0.e+00 -5.e-05  0.e+00  0.e+00  0.e+00  0.e+00  0.e+00  5.e-05 -5.e-05
  0.e+00]|,|[-1.e-04 -5.e-05 -5.e-05 -5.e-05  5.e-05  1.e-04  5.e-05  0.e+00  5.e-05
  5.e-05]|,|[ 1.e-04  0.e+00  1.e-04  0.e+00 -5.e-05  5.e-05 -5.e-05  0.e+00 -5.e-05
 -5.e-05]|,|[ 0.0e+00  5.0e-05 -1.0e-04 -5.0e-05 -5.0e-05 -1.5e-04  5.0e-05  5.0e-05
 -1.0e-04 -5.0e-05]|,|[ 0.e+00  0.e+00  0.e+00 -5.e-05  0.e+00 -1.e-04  0.e+00 -1.e-04  5.e-05
  0.e+00]|,|[-5.e-05  0.e+00  0.e+00 -1.e-04 -5.e-05 -5.e-05  0.e+00  0.e+00 -5.e-05
 -5.e-05]|,|[ 0.e+00  5.e-05 -1.e-04  0.e+00 -1.e-04  0.e+00 -5.e-05  1.e-04 -5.e-05
  0.e+00]|,|[-1.e-04  0.e+00  5.e-05 -5.e-05  0.e+00  0.e+00 -1.e-04 -5.e-05  0.e+00
 -5.e-05]|,|[ 0.e+00 -1.e-04 -1.e-04  0.e+00 -5.e-05  0.e+00  0.e+00  5.e-05  5.e-05
  0.e+00]|,|[-1.e-04  5.e-05  0.e+00 -5.e-05  5.e-05 -5.e-05  0.e+00  0.e+00  0.e+00
 -1.e-04]|,|[ 0.0e+00  5.0e-05 -1.0e-04  1.0e-04 -5.0e-05 -1.0e-04  5.0e-05  0.0e+00
 -1.5e-04  0.0e+00]|,|[-1.0e-04 -5.0e-05  0.0e+00 -1.0e-04  0.0e+00  0.0e+00 -5.0e-05 -1.5e-04
 -2.6e-04 -1.0e-04]|,|[-1.0e-04 -1.0e-04 -5.0e-05 -1.5e-04  0.0e+00  1.0e-04 -1.5e-04 -1.0e-04
 -5.0e-05  5.0e-05]|,|[-5.0e-05 -5.0e-05  0.0e+00 -5.0e-05 -2.1e-04  0.0e+00 -5.0e-05  5.0e-05
  5.0e-05  0.0e+00]|,|[-1.e-04 -5.e-05  5.e-05  0.e+00  0.e+00 -5.e-05  0.e+00  5.e-05  0.e+00
 -1.e-04]|,|[-1.e-04 -5.e-05  0.e+00  5.e-05  0.e+00 -1.e-04 -1.e-04 -1.e-04 -1.e-04
 -5.e-05]|,|[ 0.0e+00  0.0e+00 -5.0e-05  1.0e-04 -1.5e-04 -1.0e-04  0.0e+00 -1.5e-04
  0.0e+00  0.0e+00]|,|[ 0.e+00 -5.e-05 -5.e-05  1.e-04 -5.e-05 -1.e-04 -5.e-05 -1.e-04  0.e+00
  0.e+00]|,|[ 0.e+00 -5.e-05 -5.e-05  5.e-05 -5.e-05  5.e-05 -5.e-05  0.e+00  0.e+00
 -5.e-05]|,|[-5.e-05 -1.e-04  0.e+00  1.e-04 -1.e-04  0.e+00  0.e+00 -5.e-05  0.e+00
  0.e+00]|,|[-5.e-05  5.e-05 -5.e-05  1.e-04 -5.e-05  0.e+00  0.e+00  0.e+00  0.e+00
 -5.e-05]|,|[ 5.e-05 -1.e-04 -5.e-05  1.e-04 -5.e-05  0.e+00  0.e+00 -5.e-05 -5.e-05
 -5.e-05]|,|[ 0.0e+00 -5.0e-05 -5.0e-05 -2.6e-04  0.0e+00 -1.0e-04  0.0e+00  0.0e+00
  0.0e+00 -5.0e-05]|,|[ 1.0e-04 -5.0e-05 -1.5e-04  5.0e-05 -5.0e-05 -5.0e-05  5.0e-05  0.0e+00
 -5.0e-05  0.0e+00]|,|[ 0.0e+00 -5.0e-05 -5.0e-05  0.0e+00 -1.0e-04 -5.0e-05 -1.5e-04  0.0e+00
 -5.0e-05 -5.0e-05]|,|[ 5.e-05 -5.e-05 -5.e-05  0.e+00  0.e+00 -1.e-04  5.e-05 -5.e-05 -5.e-05
  0.e+00]|,|[ 0.e+00 -5.e-05 -1.e-04  0.e+00  0.e+00  5.e-05  0.e+00 -5.e-05  0.e+00
 -5.e-05]|,|[ 5.e-05  1.e-04  0.e+00 -1.e-04  5.e-05 -1.e-04 -5.e-05  0.e+00  0.e+00
  0.e+00]|,|[ 5.e-05  0.e+00 -5.e-05  0.e+00  0.e+00  0.e+00  0.e+00 -5.e-05  0.e+00
 -5.e-05]|,|[ 0.e+00 -5.e-05 -1.e-04 -5.e-05  1.e-04 -5.e-05  5.e-05  5.e-05  0.e+00
 -5.e-05]|,|[ 0.e+00 -5.e-05  0.e+00  5.e-05 -1.e-04  0.e+00  5.e-05 -5.e-05  5.e-05
  0.e+00]|,|[ 1.5e-04 -5.0e-05  0.0e+00  5.0e-05 -5.0e-05 -5.0e-05  5.0e-05 -1.0e-04
 -1.0e-04  0.0e+00]|,|[-5.e-05 -1.e-04 -1.e-04  1.e-04 -5.e-05 -5.e-05  5.e-05 -5.e-05  0.e+00
  0.e+00]|,|[ 0.e+00  0.e+00  0.e+00 -5.e-05  5.e-05  5.e-05 -1.e-04  0.e+00  0.e+00
 -1.e-04]|,|[-1.5e-04 -5.0e-05  0.0e+00 -5.0e-05 -5.0e-05  5.0e-05 -1.5e-04 -1.0e-04
 -1.0e-04  0.0e+00]|,|[-1.5e-04  0.0e+00 -1.0e-04 -5.0e-05  0.0e+00  5.0e-05 -1.0e-04  0.0e+00
  5.0e-05  0.0e+00]|,|[ 0.0e+00  0.0e+00  0.0e+00 -1.5e-04  5.0e-05 -1.0e-04 -1.0e-04  5.0e-05
 -5.0e-05 -5.0e-05]|,|[-2.1e-04  0.0e+00 -5.0e-05  5.0e-05  0.0e+00 -5.0e-05 -1.0e-04  0.0e+00
  0.0e+00 -5.0e-05]|,|[-1.e-04  5.e-05 -1.e-04  0.e+00  5.e-05 -5.e-05  0.e+00  5.e-05  1.e-04
 -1.e-04]|,|[ 0.0e+00 -5.0e-05  0.0e+00  5.0e-05 -1.5e-04 -5.0e-05  0.0e+00 -5.0e-05
 -5.0e-05  0.0e+00]|,|[-1.e-04  0.e+00  5.e-05  0.e+00  5.e-05 -5.e-05 -1.e-04 -1.e-04  5.e-05
  0.e+00]|,|[ 5.e-05  5.e-05  0.e+00  0.e+00  0.e+00 -1.e-04  0.e+00  5.e-05  5.e-05
 -1.e-04]|,|[-5.0e-05 -5.0e-05  0.0e+00 -5.0e-05  5.0e-05  0.0e+00 -5.0e-05 -1.0e-04
 -5.0e-05 -1.5e-04]|,|[ 5.e-05  0.e+00  0.e+00  0.e+00 -5.e-05 -5.e-05 -5.e-05 -5.e-05 -5.e-05
  0.e+00]|,|[ 5.e-05 -5.e-05 -1.e-04  5.e-05 -1.e-04 -5.e-05  0.e+00 -5.e-05  0.e+00
 -1.e-04]|,|[-5.e-05 -5.e-05 -5.e-05 -5.e-05  0.e+00 -5.e-05 -5.e-05 -5.e-05 -1.e-04
 -1.e-04]|,|[ 5.e-05  0.e+00 -1.e-04  0.e+00 -5.e-05 -1.e-04  0.e+00  0.e+00  5.e-05
 -5.e-05]|,|[-5.e-05  5.e-05  0.e+00  5.e-05 -5.e-05 -5.e-05 -1.e-04  0.e+00 -5.e-05
  5.e-05]|,|[-1.e-04 -1.e-04  1.e-04  0.e+00 -1.e-04  1.e-04 -5.e-05 -1.e-04  0.e+00
 -5.e-05]|,|[-5.0e-05  0.0e+00  5.0e-05 -1.5e-04  0.0e+00  0.0e+00 -5.0e-05  0.0e+00
 -5.0e-05 -1.5e-04]|,|[ 0.e+00  5.e-05 -1.e-04 -1.e-04 -5.e-05  5.e-05 -5.e-05 -5.e-05 -5.e-05
 -1.e-04]|,|[-5.0e-05 -1.5e-04  0.0e+00 -5.0e-05 -5.0e-05 -5.0e-05 -5.0e-05 -1.0e-04
  5.0e-05 -5.0e-05]|,|[-5.e-05 -1.e-04  0.e+00 -5.e-05 -5.e-05 -5.e-05 -5.e-05 -1.e-04  0.e+00
 -1.e-04]|,|[-1.e-04 -5.e-05 -5.e-05 -1.e-04 -5.e-05 -5.e-05  0.e+00 -5.e-05  5.e-05
  0.e+00]|,|[-5.0e-05  0.0e+00 -5.0e-05  1.0e-04 -5.0e-05 -1.0e-04 -5.0e-05  5.0e-05
  0.0e+00 -1.5e-04]|,|[-5.0e-05 -1.5e-04  0.0e+00 -5.0e-05 -1.0e-04  5.0e-05 -1.0e-04  0.0e+00
  0.0e+00 -5.0e-05]|,|[ 0.e+00 -5.e-05 -5.e-05  0.e+00 -1.e-04 -5.e-05  5.e-05 -5.e-05 -5.e-05
 -1.e-04]|,|[-1.5e-04 -5.0e-05 -5.0e-05 -1.0e-04  5.0e-05 -1.5e-04 -1.0e-04  5.0e-05
  5.0e-05 -5.0e-05]|,|[ 5.0e-05 -5.0e-05 -1.0e-04 -5.0e-05 -1.5e-04 -5.0e-05  5.0e-05  5.0e-05
 -1.0e-04 -5.0e-05]|,|[ 0.e+00  0.e+00 -5.e-05  0.e+00 -5.e-05 -1.e-04 -5.e-05  5.e-05  0.e+00
  5.e-05]|,|[-5.e-05 -5.e-05  0.e+00  0.e+00 -5.e-05  0.e+00  0.e+00 -1.e-04 -5.e-05
 -5.e-05]|,|[ 5.e-05  0.e+00 -1.e-04  5.e-05 -1.e-04 -5.e-05 -5.e-05  0.e+00  0.e+00
  0.e+00]|,|[-5.e-05 -1.e-04  0.e+00 -5.e-05  0.e+00 -5.e-05 -1.e-04 -1.e-04 -1.e-04
 -1.e-04]|,|[-1.e-04  0.e+00 -5.e-05  0.e+00 -1.e-04 -5.e-05  0.e+00 -5.e-05 -5.e-05
  5.e-05]|,|[-1.e-04  0.e+00 -5.e-05 -5.e-05  0.e+00 -5.e-05 -5.e-05 -5.e-05 -1.e-04
 -5.e-05]|,|[-2.1e-04  5.0e-05  0.0e+00 -5.0e-05 -5.0e-05  0.0e+00 -1.5e-04  0.0e+00
  0.0e+00 -5.0e-05]|,|[-1.5e-04 -1.5e-04  0.0e+00 -1.0e-04 -5.0e-05  5.0e-05 -5.0e-05 -1.0e-04
  0.0e+00  0.0e+00]|,|[-5.e-05 -5.e-05 -1.e-04 -5.e-05 -1.e-04 -5.e-05 -5.e-05 -5.e-05 -5.e-05
 -5.e-05]|,|[-5.e-05 -5.e-05 -1.e-04 -5.e-05 -1.e-04 -5.e-05 -1.e-04  0.e+00  0.e+00
 -1.e-04]|,|[ 5.e-05 -1.e-04 -1.e-04 -5.e-05 -5.e-05 -5.e-05  5.e-05  0.e+00  0.e+00
 -5.e-05]|,|[-5.0e-05 -1.0e-04 -1.5e-04 -1.0e-04 -5.0e-05 -5.0e-05 -1.0e-04 -1.0e-04
  0.0e+00 -5.0e-05]|,|[ 5.e-05 -5.e-05 -1.e-04  0.e+00 -5.e-05 -1.e-04 -5.e-05 -1.e-04 -5.e-05
  0.e+00]|,|[-5.e-05 -1.e-04  0.e+00 -1.e-04 -5.e-05 -5.e-05  0.e+00 -1.e-04 -1.e-04
 -1.e-04]|,|[-5.e-05  5.e-05 -1.e-04  0.e+00 -5.e-05  0.e+00  0.e+00  5.e-05 -5.e-05
  0.e+00]|,|[ 0.0e+00 -1.5e-04 -1.0e-04 -5.0e-05 -5.0e-05 -2.1e-04  0.0e+00  0.0e+00
  5.0e-05 -1.0e-04]|,|[-5.e-05 -5.e-05 -5.e-05 -5.e-05  0.e+00 -5.e-05  0.e+00 -5.e-05 -1.e-04
  0.e+00]|,|[-5.e-05 -1.e-04 -1.e-04  0.e+00 -5.e-05  1.e-04 -1.e-04 -1.e-04 -5.e-05
 -5.e-05]|,|[ 5.0e-05  0.0e+00 -1.5e-04 -1.5e-04 -1.0e-04 -1.5e-04  5.0e-05 -1.0e-04
 -2.6e-04  5.0e-05]|,|[-5.0e-05  0.0e+00 -1.5e-04  0.0e+00 -5.0e-05 -1.0e-04  0.0e+00 -5.0e-05
 -5.0e-05  0.0e+00]|,|[ 0.e+00  5.e-05 -5.e-05  0.e+00 -5.e-05 -1.e-04 -1.e-04  0.e+00 -5.e-05
 -1.e-04]|,|[-1.e-04 -1.e-04  5.e-05 -1.e-04  5.e-05  0.e+00  0.e+00 -1.e-04 -5.e-05
 -5.e-05]|,|[-5.0e-05  5.0e-05 -5.0e-05 -2.6e-04  0.0e+00  5.0e-05 -5.0e-05  0.0e+00
 -5.0e-05 -5.0e-05]|,|[-1.5e-04 -1.0e-04 -1.0e-04 -1.5e-04 -5.0e-05 -5.0e-05 -1.0e-04 -1.0e-04
 -5.0e-05  0.0e+00]|,|[-1.0e-04  0.0e+00 -1.0e-04 -1.0e-04 -5.0e-05  0.0e+00 -1.0e-04 -5.0e-05
  0.0e+00 -1.5e-04]|,|[ 5.e-05 -1.e-04 -5.e-05 -5.e-05 -1.e-04 -1.e-04 -1.e-04 -1.e-04 -5.e-05
 -5.e-05]|,|[-5.e-05 -5.e-05 -5.e-05  0.e+00 -1.e-04  5.e-05 -1.e-04 -5.e-05 -1.e-04
  0.e+00]|,|[-5.e-05 -5.e-05  0.e+00 -5.e-05 -5.e-05 -5.e-05  0.e+00  5.e-05 -5.e-05
 -1.e-04]|,|[ 0.e+00  0.e+00 -1.e-04 -5.e-05 -5.e-05 -5.e-05  1.e-04  0.e+00  0.e+00
 -1.e-04]|,|[-5.0e-05  5.0e-05 -1.0e-04  5.0e-05 -1.5e-04 -1.0e-04  0.0e+00 -1.0e-04
 -5.0e-05 -1.0e-04]|,|[-1.0e-04 -1.0e-04  0.0e+00 -5.0e-05  0.0e+00  5.0e-05 -1.0e-04 -1.5e-04
  5.0e-05 -5.0e-05]|,|[-1.e-04 -5.e-05  0.e+00 -5.e-05  0.e+00 -5.e-05 -5.e-05  0.e+00 -1.e-04
 -5.e-05]|,|[-5.e-05  0.e+00 -1.e-04  0.e+00 -1.e-04  0.e+00  0.e+00 -1.e-04 -1.e-04
  0.e+00]|,|[ 5.e-05 -1.e-04 -5.e-05 -1.e-04  0.e+00 -5.e-05 -5.e-05 -1.e-04 -5.e-05
 -5.e-05]|,|[-1.0e-04  0.0e+00 -5.0e-05 -5.0e-05  0.0e+00  5.0e-05 -1.5e-04  0.0e+00
 -5.0e-05  0.0e+00]|,|[ 0.e+00  0.e+00 -5.e-05 -1.e-04  5.e-05 -5.e-05 -5.e-05  0.e+00 -1.e-04
 -1.e-04]|,|[ 0.e+00  1.e-04 -5.e-05 -1.e-04 -1.e-04  0.e+00 -5.e-05 -5.e-05 -5.e-05
 -5.e-05]|,|[ 0.e+00  0.e+00  5.e-05  1.e-04  1.e-04  0.e+00 -5.e-05  0.e+00 -5.e-05
  1.e-04]|,|[-5.e-05  0.e+00 -5.e-05  0.e+00  1.e-04  5.e-05  5.e-05 -5.e-05  0.e+00
 -5.e-05]|,|[-5.0e-05  1.0e-04  0.0e+00  0.0e+00  2.1e-04  0.0e+00  5.0e-05  1.0e-04
  5.0e-05  5.0e-05]|,|[0.0e+00 1.0e-04 1.0e-04 0.0e+00 1.0e-04 1.0e-04 5.0e-05 2.6e-04 1.0e-04
 5.0e-05]|,|[1.5e-04 1.0e-04 1.0e-04 1.5e-04 1.5e-04 5.0e-05 1.0e-04 1.5e-04 2.1e-04
 1.0e-04]|,|[2.1e-04 5.0e-05 1.0e-04 3.1e-04 2.1e-04 2.1e-04 2.1e-04 1.5e-04 2.1e-04
 1.5e-04]|,|[0.00026 0.00015 0.00026 0.00015 0.00031 0.00015 0.00015 0.0001  0.0001
 0.00015]|,|[0.00041 0.00036 0.00021 0.0001  0.00026 0.00021 0.00031 0.00041 0.00031
 0.00031]|,|[0.00046 0.00026 0.00046 0.00031 0.00057 0.00041 0.00041 0.00046 0.00036
 0.00041]|,|[0.00046 0.00062 0.00051 0.00051 0.00051 0.00046 0.00051 0.00051 0.00041
 0.00051]|,|[0.00067 0.00062 0.00067 0.00067 0.00067 0.00072 0.00062 0.00067 0.00072
 0.00072]|,|[0.00082 0.00077 0.00077 0.00087 0.00082 0.00077 0.00077 0.00077 0.00082
 0.00067]|,|[0.00103 0.00098 0.00098 0.00098 0.00108 0.00103 0.00098 0.00098 0.00103
 0.00093]|,|[0.00129 0.00113 0.00113 0.00124 0.00113 0.00113 0.00118 0.00113 0.00124
 0.00113]|,|[0.00154 0.0016  0.0016  0.00165 0.0016  0.00149 0.0016  0.00149 0.0016
 0.00165]|,|[0.00196 0.0018  0.00196 0.00185 0.00185 0.00185 0.0019  0.0019  0.00185
 0.0018 ]|,|[0.00232 0.00232 0.00226 0.00226 0.00226 0.00226 0.00232 0.00226 0.00237
 0.00237]|,|[0.00278 0.00278 0.00268 0.00278 0.00278 0.00268 0.00278 0.00283 0.00278
 0.00273]|,|[0.00345 0.00335 0.0034  0.0034  0.0034  0.00329 0.0034  0.0034  0.0035
 0.0035 ]|,|[0.00422 0.00422 0.00422 0.00422 0.00417 0.00427 0.00427 0.00437 0.00432
 0.00427]|,|[0.0051  0.00515 0.00504 0.0051  0.0052  0.00504 0.00515 0.0051  0.0051
 0.0051 ]|,|[0.00582 0.00587 0.00582 0.00587 0.00576 0.00587 0.00592 0.00597 0.00571
 0.00582]|,|[0.00695 0.007   0.00695 0.00695 0.0069  0.007   0.00705 0.00695 0.007
 0.00705]|,|[0.00818 0.00829 0.00818 0.00818 0.00818 0.00818 0.00823 0.00834 0.00818
 0.00818]|,|[0.00921 0.00926 0.00921 0.00916 0.00937 0.00926 0.00921 0.00926 0.00921
 0.00916]|,|[0.01081 0.01086 0.01091 0.01091 0.01091 0.01081 0.01076 0.01076 0.01086
 0.01086]|,|[0.01199 0.01204 0.01215 0.01204 0.01215 0.0122  0.01204 0.01209 0.01215
 0.01199]|,|[0.01379 0.01374 0.01374 0.01359 0.01374 0.01374 0.0139  0.01374 0.01369
 0.01374]|,|[0.01523 0.01529 0.01529 0.01529 0.01529 0.01539 0.01534 0.01523 0.01539
 0.01534]|,|[0.01729 0.0174  0.01724 0.01734 0.01734 0.01724 0.0174  0.01729 0.01729
 0.01729]|,|[0.01915 0.01884 0.01904 0.01915 0.01909 0.01909 0.0192  0.0192  0.01909
 0.01915]|,|[0.02131 0.02141 0.02146 0.02131 0.02146 0.02141 0.02136 0.02131 0.02141
 0.02141]|,|[0.02347 0.02337 0.02342 0.02347 0.02337 0.02352 0.02347 0.02347 0.02352
 0.02342]|,|[0.0262  0.0262  0.02625 0.0263  0.02614 0.02614 0.02625 0.02625 0.0262
 0.0262 ]|,|[0.02851 0.02851 0.02856 0.02856 0.02861 0.02856 0.02861 0.02851 0.02856
 0.02856]|,|[0.03139 0.0315  0.03145 0.03139 0.0315  0.03145 0.0315  0.0315  0.0315
 0.0315 ]|,|[0.03474 0.03479 0.03474 0.03474 0.03479 0.03479 0.03489 0.03484 0.03484
 0.03479]|,|[0.03757 0.03762 0.03762 0.03767 0.03757 0.03752 0.03762 0.03772 0.03752
 0.03762]|,|[0.04097 0.04102 0.04107 0.04102 0.04112 0.04117 0.04107 0.04112 0.04117
 0.04107]|,|[0.04416 0.04416 0.04426 0.04426 0.04431 0.04426 0.04416 0.04431 0.04431
 0.04421]|,|[0.04833 0.04838 0.04848 0.04838 0.04838 0.04843 0.04843 0.04838 0.04838
 0.04833]|,|[0.05183 0.05188 0.05183 0.05193 0.05193 0.05177 0.05188 0.05193 0.05183
 0.05183]|,|[0.0561  0.0561  0.0561  0.05605 0.0562  0.0561  0.05615 0.05615 0.0561
 0.05625]|,|[0.05985 0.05991 0.0598  0.05996 0.06006 0.06006 0.05996 0.05991 0.05996
 0.06001]|,|[0.06485 0.06479 0.06479 0.06485 0.06474 0.06485 0.06485 0.06485 0.06485
 0.06485]|,|[0.06891 0.06896 0.0686  0.06901 0.06896 0.06896 0.06886 0.06901 0.06907
 0.06907]|,|[0.07385 0.07385 0.07396 0.07396 0.07385 0.07396 0.07401 0.07396 0.07401
 0.07396]|,|[0.07828 0.07838 0.07828 0.07823 0.07843 0.07828 0.07838 0.07843 0.07838
 0.07838]|,|[0.08353 0.08358 0.08358 0.08373 0.08353 0.08353 0.08363 0.08363 0.08368
 0.08368]|,|[0.08831 0.08826 0.08831 0.08831 0.08826 0.08831 0.08837 0.08831 0.08837
 0.08837]|,|[0.09362 0.09367 0.09362 0.09362 0.09377 0.09377 0.09367 0.09372 0.09372
 0.09372]|,|[0.09948 0.09959 0.09948 0.09959 0.09953 0.09964 0.09948 0.09969 0.09964
 0.09959]|,|[0.10447 0.10442 0.10442 0.10458 0.10447 0.10453 0.10463 0.10463 0.10458
 0.10458]|,|[0.11014 0.11014 0.11019 0.11024 0.11019 0.11029 0.11039 0.11019 0.11024
 0.11029]|,|[0.11523 0.11518 0.11518 0.11513 0.11528 0.11533 0.11533 0.11523 0.11533
 0.11533]|,|[0.12115 0.12115 0.12141 0.12135 0.12141 0.12135 0.1213  0.12141 0.12141
 0.12141]|,|[0.12655 0.1265  0.12655 0.1265  0.1266  0.1266  0.12671 0.12671 0.12666
 0.1266 ]|,|[0.13237 0.13227 0.13232 0.13247 0.13216 0.13247 0.13237 0.13242 0.13237
 0.13232]|,|[0.13746 0.13741 0.13752 0.13746 0.13757 0.13762 0.13757 0.13757 0.13752
 0.13757]|,|[0.14349 0.14364 0.14369 0.14359 0.14364 0.14364 0.14359 0.14374 0.14369
 0.14374]|,|[0.14894 0.14889 0.14884 0.14884 0.14894 0.14889 0.14915 0.14899 0.14894
 0.14894]|,|[0.1546  0.15465 0.1547  0.1547  0.15476 0.15476 0.15476 0.15481 0.15476
 0.15481]|,|[0.15975 0.15985 0.15975 0.15985 0.1598  0.16006 0.15995 0.1599  0.16006
 0.15995]|,|[0.16608 0.16613 0.16618 0.16623 0.16618 0.16623 0.16623 0.16623 0.16623
 0.16623]|,|[0.17195 0.17195 0.172   0.172   0.17195 0.1721  0.17195 0.172   0.17205
 0.172  ]|,|[0.17704 0.17704 0.17714 0.17704 0.17714 0.17719 0.17709 0.17725 0.17725
 0.17719]|,|[0.18306 0.18316 0.18311 0.18306 0.18322 0.18316 0.18311 0.18322 0.18327
 0.18322]|,|[0.18831 0.18821 0.18831 0.18821 0.18826 0.18841 0.18821 0.18826 0.18836
 0.18821]|,|[0.19382 0.19382 0.19392 0.19377 0.19382 0.19392 0.19382 0.19387 0.19397
 0.19392]|,|[0.1986  0.19855 0.1986  0.1986  0.1986  0.19866 0.19876 0.19866 0.19866
 0.19871]|,|[0.20452 0.20457 0.20457 0.20463 0.20478 0.20473 0.20463 0.20473 0.20473
 0.20463]|,|[0.20936 0.20946 0.20936 0.20936 0.20941 0.20941 0.20951 0.20946 0.20946
 0.20941]|,|[0.21476 0.21466 0.21456 0.21482 0.21466 0.21476 0.21482 0.21476 0.21471
 0.21471]|,|[0.21924 0.21919 0.21924 0.21929 0.21929 0.21929 0.21929 0.21929 0.2194
 0.21934]|,|[0.2247  0.2247  0.22475 0.22475 0.2248  0.22485 0.22475 0.2247  0.22485
 0.22485]|,|[0.22928 0.22907 0.22912 0.22923 0.22917 0.22923 0.22933 0.22928 0.22923
 0.22917]|,|[0.23267 0.23257 0.23267 0.23273 0.23267 0.23273 0.23262 0.23262 0.23267
 0.23273]|,|[0.23664 0.23679 0.23684 0.23669 0.23695 0.23679 0.23684 0.23684 0.23689
 0.23689]|,|[0.24168 0.24163 0.24153 0.24173 0.24163 0.24163 0.24163 0.24173 0.24163
 0.24163]|,|[0.24652 0.24636 0.24657 0.24657 0.24662 0.24657 0.24662 0.24652 0.24667
 0.24662]|,|[0.25064 0.25058 0.25053 0.25069 0.25064 0.25048 0.25069 0.25074 0.25064
 0.25069]|,|[0.25511 0.25501 0.25496 0.25511 0.25506 0.25511 0.25511 0.25506 0.25511
 0.25511]|,|[0.25887 0.25902 0.25892 0.25902 0.25902 0.25897 0.25902 0.25897 0.25902
 0.25897]|,|[0.2636  0.26355 0.26366 0.26366 0.26355 0.26355 0.26366 0.26376 0.26366
 0.26355]|,|[0.26726 0.26726 0.26731 0.26731 0.26736 0.26721 0.26726 0.26726 0.26726
 0.26731]|,|[0.27143 0.27138 0.27132 0.27148 0.27138 0.27138 0.27153 0.27148 0.27153
 0.27153]|,|[0.27503 0.27482 0.27493 0.27498 0.27503 0.27472 0.27488 0.27498 0.27498
 0.27493]|,|[0.27915 0.2791  0.2791  0.2792  0.27925 0.27925 0.27925 0.27925 0.2792
 0.27925]|,|[0.28249 0.28249 0.28254 0.28239 0.28254 0.2826  0.28239 0.28265 0.28254
 0.28249]|,|[0.2863  0.28646 0.2863  0.2863  0.2864  0.28635 0.2863  0.2864  0.28635
 0.28646]|,|[0.2897  0.28965 0.28959 0.28975 0.28959 0.28959 0.2897  0.28939 0.28965
 0.28975]|,|[0.29356 0.29366 0.29371 0.29366 0.29376 0.29381 0.29366 0.29366 0.29376
 0.29361]|,|[0.29742 0.29742 0.29747 0.29742 0.29742 0.29752 0.29742 0.29747 0.29747
 0.29747]|,|[0.30066 0.30061 0.30056 0.30066 0.30066 0.30066 0.30066 0.30061 0.30056
 0.30061]|,|[0.30452 0.30447 0.30447 0.30452 0.30452 0.30452 0.30452 0.30457 0.30457
 0.30462]|,|[0.30704 0.30725 0.3072  0.30725 0.30725 0.3072  0.30725 0.3072  0.30725
 0.3072 ]|,|[0.30349 0.30334 0.30298 0.30277 0.30236 0.30215 0.30215 0.302   0.3019
 0.3019 ]|,|[0.28939 0.28939 0.28929 0.28923 0.28908 0.28903 0.28908 0.28903 0.28903
 0.28908]|,|[0.29119 0.29129 0.29134 0.29119 0.29129 0.29129 0.29124 0.29124 0.29134
 0.29129]|,|[0.29381 0.29371 0.2934  0.29381 0.29381 0.29381 0.29381 0.29376 0.29376
 0.29381]|,|[0.29675 0.29685 0.2968  0.2968  0.29675 0.29675 0.29695 0.29685 0.29675
 0.29685]|,|[0.29819 0.29819 0.29809 0.29814 0.29809 0.29804 0.29809 0.29809 0.29798
 0.29814]|,|[0.29876 0.29881 0.2987  0.29876 0.2986  0.2986  0.2986  0.29865 0.29855
 0.29865]|,|[0.29608 0.29608 0.29608 0.29593 0.29593 0.29582 0.29577 0.29577 0.29577
 0.29577]|
