|[ 0.0016  0.0016 -0.0005 -0.0021  0.0031  0.001   0.      0.     -0.0005
 -0.001 ]|,[0.0094 0.0099 0.0099 0.0104 0.0104 0.011  0.0099 0.0104 0.0099 0.0104],[0.0219 0.0214 0.0214 0.0219 0.0225 0.0219 0.0214 0.0219 0.0219 0.0219],[0.0303 0.0298 0.0303 0.0298 0.0308 0.0303 0.0303 0.0308 0.0303 0.0303],[0.0418 0.0402 0.0407 0.0407 0.0413 0.0407 0.0407 0.0407 0.0413 0.0407],[0.0496 0.0501 0.0507 0.0496 0.0496 0.0501 0.0496 0.0496 0.0507 0.0496],[0.0622 0.0616 0.0616 0.0622 0.0616 0.0616 0.0622 0.0616 0.0622 0.0622],[0.071  0.071  0.071  0.071  0.07   0.0705 0.0705 0.0705 0.0705 0.071 ],[0.0815 0.0815 0.0815 0.0815 0.0815 0.0815 0.0815 0.081  0.081  0.0815],[0.0893 0.0898 0.0904 0.0909 0.0904 0.0898 0.0909 0.0898 0.0898 0.0904],[0.1019 0.1013 0.1013 0.1013 0.1019 0.1008 0.1013 0.1019 0.1013 0.1013],[0.1102 0.1102 0.1107 0.1102 0.1107 0.1102 0.1097 0.1107 0.1097 0.1102],[0.1207 0.1201 0.1212 0.1207 0.1212 0.1212 0.1207 0.1212 0.1207 0.1207],[0.1301 0.1301 0.1301 0.1301 0.1295 0.1295 0.1295 0.1295 0.1301 0.129 ],[0.1421 0.1416 0.1421 0.141  0.1421 0.1421 0.141  0.1421 0.1416 0.1416],[0.152  0.152  0.1525 0.152  0.1525 0.1525 0.1525 0.1525 0.1525 0.1525],[0.1614 0.1614 0.1614 0.1614 0.1614 0.1609 0.1604 0.1614 0.1609 0.1609],[0.1724 0.1724 0.1719 0.1724 0.1719 0.1724 0.1724 0.1724 0.1724 0.1724],[0.1807 0.1813 0.1813 0.1813 0.1813 0.1807 0.1807 0.1813 0.1807 0.1813],[0.1912 0.1922 0.1917 0.1922 0.1912 0.1917 0.1917 0.1912 0.1917 0.1917],[0.2001 0.2006 0.2006 0.2001 0.2006 0.2006 0.2001 0.2006 0.2006 0.2011],[0.2126 0.2126 0.2126 0.2126 0.2121 0.2126 0.2126 0.2121 0.2121 0.2126],[0.222  0.2215 0.221  0.2215 0.2215 0.222  0.221  0.2215 0.221  0.2215],[0.2319 0.2319 0.2319 0.2319 0.2319 0.2325 0.2314 0.2319 0.2319 0.2319],[0.2424 0.2424 0.2424 0.2429 0.2429 0.2424 0.2424 0.2424 0.2424 0.2424],[0.2466 0.2466 0.2466 0.2466 0.2466 0.2466 0.2466 0.2471 0.2466 0.2466],[0.2554 0.2549 0.2554 0.2554 0.2554 0.2549 0.2554 0.2549 0.2554 0.2554],[0.2669 0.2675 0.2675 0.2675 0.2675 0.2675 0.2675 0.2675 0.2669 0.2669],[0.2763 0.2758 0.2763 0.2763 0.2769 0.2763 0.2763 0.2758 0.2763 0.2758],[0.2868 0.2868 0.2868 0.2868 0.2868 0.2868 0.2868 0.2868 0.2868 0.2868],[0.2983 0.2978 0.2978 0.2983 0.2978 0.2983 0.2978 0.2983 0.2978 0.2983],[0.3072 0.3072 0.3072 0.3072 0.3066 0.3072 0.3066 0.3072 0.3072 0.3072],[0.3176 0.3171 0.3171 0.3171 0.3171 0.3176 0.3171 0.3176 0.3176 0.3176],[0.326  0.326  0.326  0.326  0.326  0.326  0.3265 0.326  0.3265 0.326 ],[0.3375 0.338  0.3375 0.338  0.338  0.338  0.338  0.338  0.3375 0.338 ],[0.3469 0.3469 0.3474 0.3469 0.3469 0.3469 0.3469 0.3469 0.3469 0.3469],[0.3573 0.3573 0.3573 0.3573 0.3573 0.3573 0.3573 0.3573 0.3578 0.3573],[0.3667 0.3667 0.3662 0.3667 0.3667 0.3662 0.3662 0.3662 0.3672 0.3657],[0.3777 0.3777 0.3777 0.3777 0.3777 0.3777 0.3777 0.3782 0.3777 0.3772],[0.3866 0.386  0.3866 0.3866 0.386  0.386  0.3866 0.3866 0.386  0.386 ],[0.3965 0.397  0.397  0.397  0.397  0.397  0.397  0.3965 0.3965 0.397 ],[0.4059 0.4059 0.4054 0.4059 0.4054 0.4059 0.4059 0.4064 0.4054 0.4059],[0.4174 0.4179 0.4179 0.4179 0.4179 0.4184 0.4179 0.4174 0.4179 0.4179],[0.4283 0.4283 0.4283 0.4278 0.4283 0.4283 0.4283 0.4283 0.4283 0.4283],[0.4372 0.4372 0.4372 0.4372 0.4372 0.4372 0.4372 0.4372 0.4372 0.4372],[0.4487 0.4487 0.4487 0.4487 0.4487 0.4492 0.4487 0.4482 0.4487 0.4487],[0.4571 0.4576 0.4571 0.4571 0.4566 0.4571 0.4566 0.4571 0.4571 0.4576],[0.4675 0.4675 0.4675 0.4675 0.4675 0.468  0.4675 0.4675 0.4675 0.4675],[0.4769 0.4769 0.4764 0.4769 0.4769 0.4774 0.4764 0.4764 0.4764 0.4764],[0.4884 0.4884 0.4889 0.4884 0.4884 0.4884 0.4889 0.4884 0.4884 0.4889],[0.4973 0.4973 0.4973 0.4973 0.4978 0.4973 0.4968 0.4978 0.4978 0.4978],[0.5083 0.5088 0.5088 0.5077 0.5088 0.5083 0.5077 0.5077 0.5077 0.5088],[0.5166 0.5171 0.5171 0.5166 0.5166 0.5171 0.5171 0.5166 0.5171 0.5166],[0.5271 0.5276 0.5271 0.5276 0.5271 0.5271 0.5271 0.5276 0.5276 0.5271],[0.5365 0.536  0.536  0.536  0.5365 0.536  0.536  0.5365 0.5354 0.5365],[0.5469 0.5464 0.5469 0.5469 0.5474 0.5469 0.5464 0.5464 0.5469 0.5464],[0.5563 0.5558 0.5558 0.5558 0.5558 0.5558 0.5548 0.5553 0.5558 0.5553],[0.5678 0.5678 0.5678 0.5678 0.5678 0.5673 0.5673 0.5673 0.5678 0.5673],[0.5777 0.5783 0.5783 0.5777 0.5783 0.5783 0.5783 0.5777 0.5783 0.5783],[0.5871 0.5871 0.5871 0.5871 0.5871 0.5871 0.5871 0.5877 0.5871 0.5871],[0.5981 0.5981 0.5981 0.5976 0.5981 0.5981 0.5981 0.5981 0.5981 0.5976],[0.607  0.607  0.6065 0.607  0.607  0.607  0.6065 0.607  0.607  0.6065],[0.618  0.6174 0.618  0.6174 0.6174 0.6174 0.618  0.618  0.6174 0.618 ],[0.6263 0.6268 0.6268 0.6268 0.6263 0.6263 0.6263 0.6263 0.6263 0.6263],[0.6383 0.6383 0.6383 0.6383 0.6383 0.6383 0.6383 0.6378 0.6383 0.6383],[0.6472 0.6477 0.6472 0.6472 0.6472 0.6472 0.6477 0.6472 0.6472 0.6472],[0.6577 0.6577 0.6571 0.6582 0.6577 0.6582 0.6582 0.6577 0.6577 0.6577],[0.666  0.6665 0.6671 0.6665 0.666  0.6665 0.6665 0.6665 0.6665 0.666 ],[0.678  0.678  0.678  0.6775 0.6775 0.6775 0.678  0.678  0.6775 0.678 ],[0.6869 0.6869 0.6864 0.6874 0.6874 0.6869 0.6869 0.6869 0.6864 0.6869],[0.6974 0.6974 0.6974 0.6974 0.6979 0.6974 0.6974 0.6974 0.6974 0.6979],[0.7094 0.7094 0.7094 0.7094 0.7094 0.7094 0.7089 0.7094 0.7094 0.7094],[0.7188 0.7183 0.7177 0.7183 0.7177 0.7183 0.7188 0.7183 0.7183 0.7177],[0.7287 0.7287 0.7287 0.7287 0.7287 0.7287 0.7287 0.7287 0.7287 0.7287],[0.7371 0.7371 0.7371 0.7376 0.7371 0.7371 0.7371 0.7376 0.7376 0.7376],[0.7486 0.7486 0.7486 0.7486 0.7491 0.7491 0.7486 0.7486 0.7486 0.7486],[0.7574 0.758  0.7574 0.7574 0.758  0.7574 0.758  0.7574 0.758  0.758 ],[0.7679 0.7674 0.7684 0.7679 0.7679 0.7684 0.7684 0.7679 0.7679 0.7679],[0.7768 0.7768 0.7768 0.7773 0.7773 0.7773 0.7773 0.7773 0.7768 0.7768],[0.7893 0.7893 0.7888 0.7888 0.7888 0.7893 0.7888 0.7888 0.7893 0.7888],[0.7982 0.7982 0.7977 0.7977 0.7977 0.7982 0.7977 0.7977 0.7977 0.7977],[0.8065 0.8065 0.806  0.8065 0.8065 0.8065 0.8065 0.8065 0.8065 0.8065],[0.8154 0.8154 0.8154 0.8154 0.8154 0.8154 0.8154 0.8149 0.8154 0.8154],[0.8269 0.8269 0.8269 0.8264 0.8264 0.8269 0.8264 0.8269 0.8269 0.8269],[0.8358 0.8358 0.8353 0.8358 0.8358 0.8353 0.8353 0.8353 0.8358 0.8358],[0.8462 0.8462 0.8462 0.8462 0.8468 0.8462 0.8462 0.8468 0.8462 0.8462],[0.8583 0.8577 0.8583 0.8583 0.8583 0.8583 0.8583 0.8577 0.8577 0.8583],[0.8666 0.8666 0.8671 0.8666 0.8671 0.8671 0.8671 0.8666 0.8666 0.8671],[0.8776 0.8771 0.8771 0.8771 0.8776 0.8771 0.8771 0.8776 0.8771 0.8776],[0.8859 0.8859 0.8865 0.8859 0.8859 0.8859 0.8865 0.8859 0.8854 0.8859],[0.8974 0.898  0.8974 0.8974 0.8974 0.8974 0.8974 0.8974 0.8974 0.8974],[0.9063 0.9068 0.9063 0.9068 0.9058 0.9058 0.9068 0.9063 0.9063 0.9063],[0.9173 0.9168 0.9168 0.9173 0.9168 0.9168 0.9173 0.9168 0.9168 0.9173],[0.9267 0.9262 0.9256 0.9256 0.9256 0.9262 0.9262 0.9256 0.9256 0.9262],[0.9377 0.9377 0.9377 0.9377 0.9377 0.9377 0.9382 0.9377 0.9382 0.9382],[0.946  0.9465 0.946  0.9465 0.9471 0.9465 0.946  0.9465 0.9471 0.9465],[0.957  0.957  0.957  0.957  0.957  0.9565 0.9565 0.957  0.9565 0.9575],[0.9664 0.9664 0.9664 0.9664 0.9664 0.9664 0.9659 0.9659 0.9659 0.9659],[0.9768 0.9768 0.9768 0.9779 0.9768 0.9774 0.9774 0.9768 0.9768 0.9774],[0.9883 0.9878 0.9873 0.9878 0.9883 0.9883 0.9878 0.9883 0.9878 0.9883],[0.9972 0.9967 0.9967 0.9967 0.9972 0.9972 0.9967 0.9972 0.9972 0.9967],[1.0087 1.0087 1.0082 1.0087 1.0092 1.0087 1.0092 1.0087 1.0087 1.0087],[1.0171 1.0165 1.0171 1.0171 1.0176 1.0176 1.0176 1.0171 1.0176 1.0176],[1.028  1.028  1.0285 1.028  1.0275 1.028  1.028  1.028  1.028  1.028 ],[1.0369 1.0369 1.0369 1.0369 1.0374 1.0369 1.0369 1.0369 1.0369 1.0369],[1.0484 1.0479 1.0484 1.0484 1.0484 1.0484 1.0484 1.0479 1.0479 1.0484],[1.0573 1.0568 1.0573 1.0573 1.0573 1.0573 1.0568 1.0573 1.0573 1.0573],[1.0677 1.0677 1.0677 1.0677 1.0677 1.0677 1.0677 1.0677 1.0682 1.0672],[1.0766 1.0766 1.0766 1.0761 1.0766 1.0766 1.0766 1.0766 1.0766 1.0766],[1.0881 1.0876 1.0876 1.0871 1.0876 1.0871 1.0876 1.0876 1.0876 1.0876],[1.0959 1.0965 1.0965 1.0959 1.0959 1.0965 1.0965 1.0959 1.0965 1.0959],[1.1069 1.1069 1.1069 1.1064 1.1069 1.1069 1.1069 1.1069 1.1069 1.1069],[1.1158 1.1158 1.1158 1.1153 1.1158 1.1153 1.1153 1.1158 1.1158 1.1153],[1.1273 1.1273 1.1268 1.1268 1.1273 1.1268 1.1273 1.1268 1.1273 1.1268],[1.1372 1.1377 1.1377 1.1372 1.1372 1.1372 1.1377 1.1377 1.1372 1.1382],[1.1461 1.1466 1.1461 1.1466 1.1466 1.1461 1.1461 1.1466 1.1461 1.1466],[1.1576 1.1576 1.1576 1.1581 1.1581 1.1576 1.1581 1.1576 1.1581 1.1581],[1.1665 1.167  1.167  1.167  1.167  1.167  1.167  1.167  1.1665 1.1665],[1.1774 1.1774 1.1774 1.1774 1.1769 1.1774 1.1774 1.1774 1.1774 1.1774],[1.1863 1.1863 1.1863 1.1863 1.1863 1.1863 1.1863 1.1863 1.1858 1.1863],[1.1978 1.1978 1.1978 1.1978 1.1978 1.1978 1.1978 1.1983 1.1973 1.1973],[1.2062 1.2062 1.2067 1.2067 1.2072 1.2067 1.2067 1.2067 1.2062 1.2067],[1.2171 1.2171 1.2171 1.2171 1.2171 1.2171 1.2171 1.2171 1.2171 1.2171],[1.226  1.226  1.226  1.226  1.226  1.226  1.226  1.226  1.226  1.2265],[1.2375 1.2375 1.2375 1.2375 1.238  1.2375 1.2375 1.2375 1.238  1.2375],[1.2469 1.2469 1.2469 1.2464 1.2464 1.2464 1.2464 1.2464 1.2469 1.2464],[1.2568 1.2573 1.2568 1.2568 1.2568 1.2573 1.2573 1.2568 1.2568 1.2568],[1.2688 1.2683 1.2688 1.2683 1.2683 1.2683 1.2688 1.2683 1.2688 1.2688],[1.2772 1.2772 1.2772 1.2777 1.2777 1.2777 1.2772 1.2772 1.2772 1.2777],[1.2882 1.2876 1.2882 1.2876 1.2876 1.2882 1.2882 1.2882 1.2876 1.2876],[1.297  1.297  1.2965 1.297  1.2965 1.2965 1.2965 1.297  1.297  1.2965],[1.3091 1.3085 1.308  1.308  1.3085 1.308  1.308  1.308  1.308  1.308 ],[1.3179 1.3174 1.3174 1.3174 1.3169 1.3174 1.3174 1.3179 1.3174 1.3169],[1.3279 1.3279 1.3279 1.3279 1.3279 1.3279 1.3279 1.3273 1.3279 1.3279],[1.3367 1.3373 1.3362 1.3367 1.3373 1.3367 1.3367 1.3367 1.3367 1.3367],[1.3482 1.3482 1.3477 1.3482 1.3482 1.3477 1.3482 1.3482 1.3482 1.3477],[1.3571 1.3571 1.3571 1.3571 1.3566 1.3571 1.3571 1.3571 1.3566 1.3566],[1.3676 1.3676 1.3676 1.3676 1.3676 1.3676 1.3676 1.3676 1.367  1.367 ],[1.3723 1.3723 1.3717 1.3723 1.3728 1.3728 1.3728 1.3728 1.3723 1.3723],[1.3832 1.3832 1.3827 1.3827 1.3827 1.3827 1.3827 1.3827 1.3832 1.3827],[1.3916 1.3916 1.3921 1.3921 1.3921 1.3916 1.3916 1.3916 1.3916 1.3911],[1.4031 1.4026 1.4031 1.4031 1.4031 1.4026 1.4026 1.4031 1.4036 1.4031],[1.4135 1.4135 1.4141 1.4141 1.4135 1.4135 1.4135 1.413  1.4135 1.4135],[1.4224 1.4229 1.4229 1.4224 1.4224 1.4224 1.4224 1.4229 1.4224 1.4224],[1.4344 1.4339 1.4339 1.4344 1.4344 1.4344 1.4344 1.435  1.4339 1.4344],[1.4433 1.4428 1.4428 1.4428 1.4428 1.4428 1.4428 1.4433 1.4423 1.4433],[1.4538 1.4538 1.4538 1.4538 1.4538 1.4532 1.4538 1.4532 1.4532 1.4532],[1.4621 1.4621 1.4626 1.4626 1.4626 1.4626 1.4621 1.4626 1.4626 1.4626],[1.4741 1.4741 1.4741 1.4736 1.4741 1.4741 1.4741 1.4736 1.4741 1.4736],[1.483  1.4835 1.483  1.4835 1.4825 1.4825 1.483  1.4825 1.483  1.4825],[1.4935 1.4929 1.4935 1.4929 1.494  1.4935 1.4935 1.4929 1.4935 1.4929],[1.5023 1.5023 1.5018 1.5018 1.5029 1.5018 1.5023 1.5023 1.5023 1.5023],[1.5138 1.5144 1.5138 1.5144 1.5144 1.5138 1.5144 1.5138 1.5133 1.5138],[1.5227 1.5227 1.5227 1.5227 1.5227 1.5232 1.5227 1.5232 1.5227 1.5227],[1.5332 1.5332 1.5332 1.5337 1.5332 1.5332 1.5332 1.5337 1.5337 1.5332],[1.5447 1.5447 1.5447 1.5447 1.5447 1.5447 1.5447 1.5447 1.5447 1.5452],[1.5535 1.5541 1.5541 1.5535 1.5535 1.5535 1.5535 1.5535 1.5535 1.5541],[1.5645 1.564  1.564  1.5645 1.564  1.5645 1.5645 1.564  1.5645 1.564 ],[1.5734 1.5734 1.5734 1.5734 1.5729 1.5734 1.5729 1.5734 1.5734 1.5729],[1.5849 1.5849 1.5844 1.5849 1.5849 1.5849 1.5849 1.5844 1.5849 1.5844],[1.5932 1.5932 1.5932 1.5938 1.5938 1.5938 1.5938 1.5932 1.5932 1.5932],[1.6042 1.6042 1.6042 1.6042 1.6042 1.6037 1.6042 1.6042 1.6042 1.6042],[1.6126 1.6131 1.6126 1.6126 1.6131 1.6126 1.6131 1.6131 1.6126 1.6131],[1.6241 1.6246 1.6241 1.6241 1.6241 1.6246 1.6241 1.6241 1.6246 1.6241],[1.6329 1.6329 1.6335 1.6329 1.6329 1.6329 1.6335 1.6329 1.6329 1.6329],[1.6439 1.6434 1.6444 1.6444 1.6434 1.6439 1.6434 1.6439 1.6434 1.6439],[1.6528 1.6528 1.6523 1.6528 1.6523 1.6528 1.6523 1.6533 1.6528 1.6523],[1.6632 1.6632 1.6632 1.6632 1.6632 1.6632 1.6632 1.6632 1.6638 1.6627],[1.6726 1.6721 1.6721 1.6726 1.6721 1.6726 1.6726 1.6721 1.6721 1.6726],[1.6826 1.6826 1.6831 1.6826 1.6831 1.6826 1.6826 1.6826 1.6826 1.6826],[1.6946 1.6941 1.6941 1.6946 1.6941 1.6946 1.6946 1.6941 1.6946 1.6946],[1.7035 1.7035 1.7029 1.7029 1.7029 1.7035 1.7029 1.7029 1.7029 1.7024],[1.7134 1.7139 1.7134 1.7139 1.7139 1.7139 1.7134 1.7139 1.7139 1.7134],[1.7228 1.7223 1.7223 1.7223 1.7223 1.7228 1.7223 1.7223 1.7223 1.7223],[1.7338 1.7343 1.7343 1.7338 1.7338 1.7338 1.7338 1.7338 1.7338 1.7338],[1.7426 1.7432 1.7432 1.7426 1.7426 1.7432 1.7426 1.7432 1.7432 1.7426],[1.7531 1.7531 1.7536 1.7536 1.7536 1.7536 1.7536 1.7536 1.7536 1.7536],[1.7625 1.7625 1.7625 1.7625 1.7625 1.7625 1.7625 1.7625 1.7625 1.7625],[1.7735 1.774  1.7735 1.774  1.7735 1.7735 1.7735 1.774  1.7735 1.7735],[1.7829 1.7823 1.7829 1.7829 1.7829 1.7823 1.7829 1.7823 1.7823 1.7829],[1.7923 1.7928 1.7933 1.7928 1.7928 1.7928 1.7928 1.7933 1.7928 1.7928],[1.8017 1.8017 1.8022 1.8017 1.8017 1.8022 1.8017 1.8017 1.8022 1.8022],[1.8137 1.8142 1.8142 1.8142 1.8137 1.8132 1.8142 1.8137 1.8142 1.8137],[1.8236 1.8241 1.8246 1.8246 1.8241 1.8241 1.8241 1.8246 1.8241 1.8241],[1.8335 1.8335 1.8335 1.8335 1.8335 1.833  1.833  1.833  1.8335 1.833 ],[1.8445 1.8445 1.844  1.8445 1.8445 1.8445 1.844  1.8445 1.845  1.845 ],[1.8539 1.8534 1.8534 1.8534 1.8539 1.8539 1.8539 1.8539 1.8534 1.8534],[1.8638 1.8643 1.8638 1.8638 1.8638 1.8638 1.8638 1.8638 1.8638 1.8638],[1.8722 1.8722 1.8727 1.8727 1.8722 1.8722 1.8727 1.8727 1.8727 1.8727],[1.8847 1.8847 1.8847 1.8842 1.8842 1.8847 1.8842 1.8842 1.8847 1.8842],[1.8936 1.8936 1.8931 1.8931 1.8936 1.8936 1.8931 1.8931 1.8936 1.8936],[1.9035 1.904  1.9035 1.9046 1.9046 1.904  1.904  1.903  1.9035 1.904 ],[1.9124 1.9124 1.9129 1.9129 1.9129 1.9129 1.9119 1.9129 1.9124 1.9134],[1.9244 1.9239 1.9239 1.9239 1.9244 1.9239 1.9244 1.9244 1.9239 1.9239],[1.937  1.937  1.937  1.9375 1.9364 1.9364 1.9364 1.937  1.937  1.9364],[1.9474 1.9474 1.9474 1.9474 1.9474 1.9474 1.9469 1.9469 1.9474 1.9474],[1.9563 1.9563 1.9563 1.9563 1.9563 1.9563 1.9563 1.9563 1.9563 1.9558],[1.9678 1.9678 1.9673 1.9678 1.9678 1.9673 1.9673 1.9678 1.9673 1.9673],[1.9782 1.9782 1.9782 1.9782 1.9777 1.9782 1.9782 1.9782 1.9777 1.9782],[1.9866 1.9866 1.9871 1.9866 1.9871 1.9871 1.9866 1.9871 1.9871 1.9871],[1.9991 1.9986 1.9991 1.9986 1.9986 1.9986 1.9986 1.9986 1.9986 1.9991],[2.007  2.007  2.0075 2.0075 2.007  2.0075 2.007  2.007  2.0075 2.0075],[2.0179 2.0179 2.0179 2.0174 2.0179 2.0179 2.0174 2.0174 2.0174 2.0174],[2.0263 2.0268 2.0268 2.0268 2.0268 2.0263 2.0263 2.0268 2.0268 2.0263],[2.0378 2.0378 2.0378 2.0378 2.0378 2.0378 2.0372 2.0378 2.0378 2.0378],[2.0472 2.0467 2.0472 2.0472 2.0467 2.0467 2.0467 2.0467 2.0467 2.0467],[2.0571 2.0571 2.0571 2.0571 2.0571 2.0571 2.0566 2.0571 2.0571 2.0571],[2.066  2.066  2.066  2.0665 2.0665 2.066  2.0655 2.0665 2.066  2.066 ],[2.0775 2.078  2.0775 2.0775 2.0775 2.0775 2.078  2.0775 2.0775 2.0775],[2.0864 2.0864 2.0858 2.0864 2.0864 2.0869 2.0864 2.0864 2.0869 2.0858],[2.0973 2.0963 2.0973 2.0968 2.0968 2.0968 2.0968 2.0968 2.0973 2.0973],[2.1083 2.1083 2.1078 2.1083 2.1088 2.1078 2.1078 2.1083 2.1083 2.1083],[2.1166 2.1172 2.1172 2.1172 2.1172 2.1172 2.1166 2.1172 2.1172 2.1172],[2.1271 2.1271 2.1271 2.1271 2.1271 2.1271 2.1271 2.1276 2.1276 2.1281],[2.1365 2.1365 2.136  2.1365 2.1365 2.1365 2.1365 2.136  2.1365 2.1365],[2.1475 2.1475 2.1475 2.148  2.1475 2.1475 2.1475 2.148  2.148  2.1475],[2.1563 2.1563 2.1563 2.1563 2.1569 2.1563 2.1563 2.1569 2.1563 2.1569],[2.1673 2.1673 2.1668 2.1673 2.1673 2.1668 2.1673 2.1673 2.1668 2.1668],[2.1757 2.1757 2.1757 2.1762 2.1762 2.1757 2.1762 2.1762 2.1757 2.1762],[2.1872 2.1872 2.1882 2.1872 2.1872 2.1877 2.1877 2.1872 2.1877 2.1872],[2.196  2.196  2.196  2.196  2.1966 2.196  2.196  2.196  2.196  2.196 ],[2.207  2.2065 2.207  2.2065 2.2065 2.2065 2.2065 2.2065 2.2065 2.207 ],[2.2149 2.2154 2.2149 2.2154 2.2154 2.2159 2.2159 2.2154 2.2154 2.2154],[2.2263 2.2263 2.2263 2.2263 2.2258 2.2258 2.2263 2.2263 2.2258 2.2258],[2.2347 2.2352 2.2347 2.2342 2.2357 2.2347 2.2352 2.2352 2.2347 2.2347],[2.2452 2.2457 2.2457 2.2452 2.2452 2.2452 2.2452 2.2457 2.2452 2.2452],[2.2566 2.2566 2.2566 2.2566 2.2561 2.2572 2.2572 2.2566 2.2572 2.2572],[2.2655 2.2655 2.266  2.2655 2.265  2.2655 2.265  2.265  2.2655 2.2655],[2.276  2.2765 2.276  2.2765 2.2765 2.276  2.276  2.276  2.2765 2.276 ],[2.2854 2.2849 2.2849 2.2854 2.2843 2.2849 2.2849 2.2854 2.2843 2.2843],[2.2963 2.2963 2.2963 2.2958 2.2958 2.2963 2.2963 2.2963 2.2963 2.2963],[2.3052 2.3047 2.3052 2.3047 2.3047 2.3052 2.3057 2.3052 2.3052 2.3057],[2.3152 2.3157 2.3162 2.3157 2.3157 2.3152 2.3152 2.3157 2.3157 2.3157],[2.324  2.3246 2.324  2.3251 2.324  2.324  2.324  2.324  2.3246 2.324 ],[2.3355 2.3355 2.336  2.336  2.336  2.3355 2.336  2.3355 2.3355 2.3355],[2.3449 2.3444 2.3444 2.3444 2.3444 2.3439 2.3449 2.3449 2.3449 2.3449],[2.3554 2.3549 2.3554 2.3543 2.3554 2.3549 2.3549 2.3549 2.3549 2.3549],[2.3632 2.3637 2.3637 2.3637 2.3637 2.3637 2.3637 2.3632 2.3637 2.3637],[2.3752 2.3757 2.3752 2.3752 2.3752 2.3757 2.3747 2.3752 2.3752 2.3752],[2.3862 2.3857 2.3862 2.3857 2.3862 2.3862 2.3857 2.3862 2.3862 2.3862],[2.3946 2.3946 2.3951 2.3946 2.3946 2.3951 2.3951 2.3946 2.3946 2.3946],[2.406  2.4055 2.406  2.406  2.4055 2.406  2.4055 2.406  2.406  2.4055],[2.4149 2.4144 2.4144 2.4149 2.4149 2.4149 2.4144 2.4149 2.4144 2.4144],[2.4254 2.4254 2.4248 2.4248 2.4254 2.4254 2.4248 2.4254 2.4254 2.4248],[2.4337 2.4332 2.4332 2.4332 2.4337 2.4332 2.4332 2.4337 2.4337 2.4337],[2.4457 2.4452 2.4457 2.4452 2.4452 2.4452 2.4452 2.4457 2.4452 2.4452],[2.4541 2.4541 2.4541 2.4541 2.4536 2.4541 2.4541 2.4541 2.4541 2.4541],[2.4651 2.4645 2.4645 2.4645 2.4645 2.4645 2.4645 2.4645 2.4645 2.4645],[2.4734 2.4734 2.4734 2.4729 2.4734 2.4734 2.4734 2.4734 2.4729 2.4729],[2.4844 2.4844 2.4844 2.4844 2.4849 2.4844 2.4844 2.4844 2.4844 2.4844],[2.4933 2.4933 2.4933 2.4928 2.4933 2.4933 2.4933 2.4933 2.4933 2.4933],[2.4995 2.4995 2.5001 2.4995 2.4995 2.4995 2.4995 2.4995 2.5001 2.4995],[2.5084 2.5079 2.5084 2.5084 2.5084 2.5079 2.5084 2.5084 2.5079 2.5084],[2.5189 2.5189 2.5189 2.5189 2.5184 2.5189 2.5184 2.5189 2.5189 2.5184],[2.5298 2.5298 2.5298 2.5298 2.5298 2.5298 2.5298 2.5298 2.5298 2.5293],[2.5387 2.5387 2.5392 2.5382 2.5387 2.5392 2.5382 2.5387 2.5387 2.5387],[2.5492 2.5492 2.5492 2.5487 2.5492 2.5487 2.5492 2.5492 2.5492 2.5492],[2.5581 2.5581 2.5581 2.5575 2.5581 2.5575 2.5581 2.5581 2.5581 2.5575],[2.569  2.569  2.5695 2.5695 2.569  2.5695 2.5695 2.569  2.569  2.5695],[2.5779 2.5779 2.5774 2.5779 2.5774 2.5779 2.5779 2.5774 2.5779 2.5779],[2.5884 2.5884 2.5878 2.5884 2.5884 2.5884 2.5884 2.5889 2.5884 2.5884],[2.5967 2.5967 2.5972 2.5972 2.5967 2.5967 2.5972 2.5967 2.5972 2.5967],[2.6087 2.6082 2.6082 2.6082 2.6087 2.6077 2.6087 2.6082 2.6087 2.6087],[2.6171 2.6171 2.6171 2.6171 2.6166 2.6171 2.6171 2.6171 2.6171 2.6171],[2.6275 2.6281 2.627  2.6275 2.6275 2.6275 2.6275 2.6275 2.6281 2.6275],[2.6359 2.6364 2.6359 2.6364 2.6359 2.6364 2.6359 2.6364 2.6364 2.6359],[2.6479 2.6474 2.6479 2.6474 2.6479 2.6474 2.6474 2.6479 2.6479 2.6474],[2.6578 2.6583 2.6578 2.6583 2.6583 2.6578 2.6583 2.6583 2.6578 2.6589],[2.6667 2.6662 2.6667 2.6667 2.6667 2.6667 2.6667 2.6667 2.6672 2.6672],[2.6782 2.6782 2.6777 2.6782 2.6782 2.6782 2.6782 2.6787 2.6782 2.6782],[2.6866 2.6866 2.6866 2.6866 2.6871 2.6871 2.6876 2.6866 2.6871 2.6871],[2.6975 2.6975 2.697  2.697  2.697  2.697  2.6975 2.6975 2.697  2.697 ],[2.7059 2.7059 2.7059 2.7059 2.7059 2.7059 2.7059 2.7059 2.7064 2.7064],[2.7169 2.7169 2.7169 2.7169 2.7174 2.7169 2.7174 2.7169 2.7169 2.7174],[2.7268 2.7263 2.7257 2.7257 2.7257 2.7263 2.7257 2.7263 2.7263 2.7263],[2.7362 2.7362 2.7367 2.7367 2.7367 2.7367 2.7367 2.7362 2.7362 2.7362],[2.7451 2.7456 2.7451 2.7451 2.7451 2.7451 2.7451 2.7451 2.7451 2.7451],[2.7555 2.756  2.7566 2.7555 2.7566 2.7566 2.756  2.7566 2.7566 2.756 ],[2.7649 2.7649 2.7644 2.7644 2.7649 2.7649 2.7654 2.7649 2.7649 2.7649],[2.7754 2.7748 2.7754 2.7754 2.7748 2.7748 2.7754 2.7759 2.7754 2.7754],[2.7832 2.7827 2.7832 2.7832 2.7832 2.7837 2.7837 2.7827 2.7832 2.7837],[2.7952 2.7947 2.7952 2.7947 2.7942 2.7947 2.7947 2.7947 2.7947 2.7947],[2.8051 2.8051 2.8051 2.8051 2.8051 2.8051 2.8051 2.8051 2.8051 2.8057],[2.814 2.814 2.814 2.814 2.814 2.814 2.814 2.814 2.814 2.814],[2.825  2.8245 2.8255 2.825  2.825  2.8255 2.825  2.825  2.8255 2.825 ],[2.8333 2.8333 2.8339 2.8339 2.8339 2.8333 2.8339 2.8339 2.8339 2.8339],[2.8438 2.8438 2.8438 2.8443 2.8438 2.8443 2.8443 2.8443 2.8438 2.8438],[2.8521 2.8527 2.8527 2.8521 2.8521 2.8527 2.8521 2.8527 2.8521 2.8527],[2.8642 2.8642 2.8642 2.8642 2.8636 2.8636 2.8642 2.8636 2.8642 2.8642],[2.873  2.872  2.873  2.8725 2.873  2.8725 2.8725 2.8725 2.8725 2.8725],[2.883  2.8835 2.883  2.8835 2.883  2.8835 2.8824 2.883  2.883  2.8835],[2.8913 2.8918 2.8913 2.8918 2.8918 2.8913 2.8913 2.8913 2.8918 2.8913],[2.9023 2.9028 2.9033 2.9033 2.9028 2.9033 2.9033 2.9028 2.9028 2.9028],[2.9112 2.9112 2.9117 2.9117 2.9117 2.9117 2.9112 2.9117 2.9112 2.9117],[2.9216 2.9216 2.9216 2.9216 2.9216 2.9216 2.9216 2.9216 2.9216 2.9216],[2.9331 2.9331 2.9336 2.9331 2.9336 2.9331 2.9331 2.9331 2.9331 2.9331],[2.9415 2.9415 2.9415 2.9425 2.9415 2.942  2.942  2.9415 2.9415 2.9415],[2.9519 2.9519 2.9519 2.9524 2.9524 2.9524 2.9524 2.9524 2.9519 2.9519],[2.9608 2.9608 2.9603 2.9603 2.9603 2.9608 2.9603 2.9608 2.9608 2.9608],[2.9723 2.9718 2.9712 2.9718 2.9718 2.9723 2.9718 2.9718 2.9718 2.9718],[2.9801 2.9801 2.9807 2.9807 2.9801 2.9807 2.9807 2.9807 2.9801 2.9801],[2.9906 2.9901 2.9906 2.9901 2.9906 2.9906 2.9901 2.9906 2.9901 2.9906],[2.9989 2.9989 2.9984 2.9989 2.9984 2.9989 2.9989 2.9989 2.9989 2.9989],[3.0104 3.0104 3.0104 3.0104 3.0104 3.0104 3.0109 3.0104 3.0104 3.0109],[3.0193 3.0193 3.0193 3.0193 3.0193 3.0193 3.0193 3.0193 3.0193 3.0193],[3.0298 3.0292 3.0298 3.0298 3.0292 3.0292 3.0292 3.0298 3.0292 3.0292],[3.0381 3.0381 3.0381 3.0376 3.0381 3.0381 3.0381 3.0376 3.0386 3.0381],[3.0496 3.0491 3.0496 3.0491 3.0491 3.0491 3.0491 3.0491 3.0496 3.0491],[3.0559 3.0564 3.0564 3.0564 3.0564 3.0559 3.0564 3.0559 3.0569 3.0559],[3.0658 3.0658 3.0668 3.0663 3.0663 3.0668 3.0663 3.0663 3.0663 3.0663],[3.0778 3.0778 3.0778 3.0778 3.0778 3.0773 3.0778 3.0778 3.0778 3.0778],[3.0862 3.0867 3.0862 3.0867 3.0867 3.0862 3.0862 3.0867 3.0862 3.0867]
|[-1.5e-04 -1.5e-04  0.0e+00 -1.0e-04 -5.0e-05 -1.0e-04 -5.0e-05 -1.0e-04
 -1.0e-04  0.0e+00]|,|[-1.e-04 -5.e-05 -1.e-04  0.e+00 -5.e-05 -1.e-04  0.e+00  0.e+00  0.e+00
 -1.e-04]|,|[-5.0e-05  0.0e+00 -1.5e-04 -1.0e-04  0.0e+00 -1.0e-04 -5.0e-05 -5.0e-05
 -1.5e-04 -1.0e-04]|,|[-5.e-05  0.e+00 -1.e-04  5.e-05 -1.e-04 -5.e-05 -5.e-05 -5.e-05 -5.e-05
 -5.e-05]|,|[-2.1e-04 -1.0e-04 -1.0e-04 -1.0e-04 -5.0e-05  0.0e+00 -1.0e-04 -1.0e-04
 -1.5e-04 -1.0e-04]|,|[-1.5e-04 -5.0e-05 -1.0e-04 -5.0e-05 -5.0e-05 -1.0e-04 -5.0e-05 -5.0e-05
 -1.0e-04 -1.5e-04]|,|[ 5.0e-05 -1.5e-04 -1.5e-04  5.0e-05 -1.5e-04 -1.0e-04 -1.0e-04  0.0e+00
 -5.0e-05 -5.0e-05]|,|[-5.0e-05 -1.0e-04 -1.0e-04  5.0e-05 -5.0e-05 -1.5e-04 -5.0e-05 -1.0e-04
  0.0e+00 -5.0e-05]|,|[-1.5e-04 -1.0e-04  2.6e-04 -1.0e-04  0.0e+00  5.0e-05 -1.5e-04 -1.0e-04
  0.0e+00 -1.0e-04]|,|[-5.0e-05 -5.0e-05 -5.0e-05 -5.0e-05 -1.0e-04 -5.0e-05 -1.5e-04 -1.0e-04
 -1.0e-04 -5.0e-05]|,|[ 0.0e+00 -5.0e-05 -2.1e-04 -5.0e-05  0.0e+00 -1.0e-04  0.0e+00 -5.0e-05
 -1.0e-04 -5.0e-05]|,|[-5.0e-05 -5.0e-05 -5.0e-05 -5.0e-05 -5.0e-05  5.0e-05 -1.5e-04 -1.0e-04
 -1.0e-04 -5.0e-05]|,|[-1.0e-04 -5.0e-05 -5.0e-05 -1.5e-04  5.0e-05 -1.5e-04 -5.0e-05  0.0e+00
 -1.0e-04 -5.0e-05]|,|[-1.0e-04 -1.0e-04 -5.0e-05  0.0e+00 -1.5e-04  0.0e+00 -1.0e-04 -5.0e-05
 -1.5e-04 -1.0e-04]|,|[-5.0e-05  0.0e+00  0.0e+00 -2.6e-04 -1.0e-04 -5.0e-05 -5.0e-05  0.0e+00
 -5.0e-05 -1.0e-04]|,|[-1.0e-04 -5.0e-05  0.0e+00 -1.0e-04  0.0e+00  5.0e-05 -1.5e-04  0.0e+00
  0.0e+00 -1.5e-04]|,|[-1.0e-04  0.0e+00  5.0e-05 -1.5e-04  0.0e+00 -5.0e-05  0.0e+00  0.0e+00
 -1.0e-04 -1.0e-04]|,|[ 5.e-05 -5.e-05 -1.e-04  0.e+00 -5.e-05  0.e+00  0.e+00 -1.e-04 -5.e-05
 -5.e-05]|,|[ 5.0e-05 -5.0e-05 -5.0e-05  0.0e+00 -1.0e-04 -5.0e-05  0.0e+00 -5.0e-05
 -1.5e-04  0.0e+00]|,|[-5.e-05 -1.e-04 -1.e-04 -1.e-04 -5.e-05 -5.e-05  0.e+00 -5.e-05 -1.e-04
 -1.e-04]|,|[-5.0e-05 -1.0e-04 -5.0e-05 -1.5e-04 -2.1e-04  5.0e-05 -5.0e-05 -5.0e-05
 -5.0e-05 -1.5e-04]|,|[ 0.e+00  5.e-05 -1.e-04  5.e-05 -1.e-04 -1.e-04  0.e+00 -1.e-04 -5.e-05
 -5.e-05]|,|[ 5.e-05 -5.e-05 -1.e-04  5.e-05 -1.e-04 -5.e-05  5.e-05  0.e+00 -5.e-05
 -1.e-04]|,|[-1.e-04 -1.e-04  0.e+00 -5.e-05  0.e+00 -1.e-04 -5.e-05 -5.e-05 -5.e-05
 -1.e-04]|,|[-5.0e-05 -5.0e-05 -1.0e-04 -1.0e-04 -1.0e-04 -1.0e-04 -1.0e-04 -5.0e-05
 -1.5e-04 -1.5e-04]|,|[ 1.e-04 -5.e-05 -1.e-04  0.e+00  0.e+00  1.e-04  0.e+00 -5.e-05  0.e+00
 -5.e-05]|,|[-5.0e-05 -5.0e-05  0.0e+00 -1.0e-04 -1.0e-04 -5.0e-05 -5.0e-05 -5.0e-05
  5.0e-05 -1.5e-04]|,|[ 5.e-05  0.e+00 -5.e-05  0.e+00 -1.e-04 -5.e-05  5.e-05 -5.e-05  0.e+00
  0.e+00]|,|[-5.0e-05 -5.0e-05 -1.0e-04 -1.5e-04  0.0e+00 -5.0e-05  0.0e+00 -5.0e-05
  0.0e+00 -5.0e-05]|,|[-5.0e-05  0.0e+00  5.0e-05 -1.5e-04  5.0e-05 -5.0e-05  0.0e+00 -5.0e-05
 -5.0e-05 -5.0e-05]|,|[ 5.0e-05 -1.5e-04 -5.0e-05  0.0e+00  0.0e+00  0.0e+00 -5.0e-05  0.0e+00
 -5.0e-05 -5.0e-05]|,|[ 0.e+00  0.e+00  0.e+00 -1.e-04 -5.e-05  5.e-05 -5.e-05  0.e+00 -1.e-04
  0.e+00]|,|[-1.0e-04 -5.0e-05 -5.0e-05 -1.5e-04  5.0e-05 -5.0e-05 -1.5e-04 -5.0e-05
  0.0e+00 -1.5e-04]|,|[-5.0e-05 -5.0e-05 -5.0e-05  0.0e+00 -5.0e-05 -1.5e-04 -1.5e-04 -5.0e-05
  0.0e+00 -1.0e-04]|,|[-5.0e-05 -5.0e-05  0.0e+00 -5.0e-05  0.0e+00  0.0e+00 -1.0e-04 -1.0e-04
 -1.5e-04  0.0e+00]|,|[ 0.e+00  5.e-05  0.e+00 -1.e-04 -1.e-04 -1.e-04 -5.e-05  0.e+00 -1.e-04
 -5.e-05]|,|[-1.0e-04  0.0e+00  1.0e-04 -5.0e-05  1.0e-04  5.0e-05 -1.5e-04 -5.0e-05
  5.0e-05  0.0e+00]|,|[-5.e-05 -5.e-05  1.e-04  0.e+00 -5.e-05  0.e+00 -5.e-05  5.e-05  0.e+00
  0.e+00]|,|[-5.e-05 -1.e-04  5.e-05  5.e-05 -1.e-04 -5.e-05 -5.e-05 -5.e-05 -1.e-04
  5.e-05]|,|[-1.e-04 -5.e-05  1.e-04  5.e-05 -5.e-05  0.e+00 -5.e-05 -5.e-05 -5.e-05
  0.e+00]|,|[-5.0e-05 -2.1e-04 -5.0e-05 -1.0e-04  5.0e-05 -5.0e-05 -1.5e-04 -1.5e-04
 -5.0e-05 -5.0e-05]|,|[-5.e-05  5.e-05 -1.e-04 -5.e-05 -5.e-05 -1.e-04 -1.e-04  0.e+00  5.e-05
 -1.e-04]|,|[-5.e-05 -5.e-05 -5.e-05 -5.e-05 -5.e-05  5.e-05  5.e-05 -1.e-04  0.e+00
  0.e+00]|,|[-5.0e-05 -5.0e-05 -5.0e-05 -1.0e-04 -5.0e-05 -5.0e-05  5.0e-05 -5.0e-05
 -1.5e-04  0.0e+00]|,|[ 0.0e+00  5.0e-05 -1.5e-04 -5.0e-05  0.0e+00  0.0e+00 -5.0e-05  0.0e+00
 -4.6e-04  0.0e+00]|,|[ 0.e+00 -1.e-04  5.e-05 -5.e-05  0.e+00  0.e+00 -5.e-05  0.e+00 -5.e-05
 -5.e-05]|,|[-5.e-05 -1.e-04  0.e+00  0.e+00  0.e+00  1.e-04  0.e+00  0.e+00  0.e+00
 -5.e-05]|,|[ 0.e+00  5.e-05 -1.e-04 -5.e-05 -1.e-04 -5.e-05 -5.e-05  1.e-04  0.e+00
 -1.e-04]|,|[-5.e-05  0.e+00 -5.e-05 -5.e-05 -5.e-05  0.e+00  0.e+00 -5.e-05 -5.e-05
 -1.e-04]|,|[ 0.       0.0001   0.       0.      -0.0001  -0.00015  0.      -0.00021
  0.      -0.0001 ]|,|[ 0.e+00  0.e+00  0.e+00 -5.e-05 -1.e-04 -5.e-05 -5.e-05 -5.e-05 -5.e-05
  0.e+00]|,|[-5.0e-05 -5.0e-05  0.0e+00 -5.0e-05 -5.0e-05  1.0e-04  5.0e-05 -1.5e-04
 -5.0e-05  0.0e+00]|,|[ 0.0e+00  5.0e-05  0.0e+00  5.0e-05 -5.0e-05 -1.5e-04  0.0e+00 -5.0e-05
 -1.0e-04 -5.0e-05]|,|[ 0.e+00 -1.e-04  5.e-05 -5.e-05  0.e+00  0.e+00  0.e+00 -5.e-05 -1.e-04
  0.e+00]|,|[ 0.e+00  5.e-05 -5.e-05  0.e+00  0.e+00  0.e+00 -5.e-05 -1.e-04 -5.e-05
  0.e+00]|,|[ 5.e-05  0.e+00  5.e-05 -5.e-05  5.e-05 -5.e-05 -5.e-05 -5.e-05 -1.e-04
  5.e-05]|,|[ 0.e+00 -5.e-05  0.e+00  0.e+00  0.e+00 -5.e-05 -1.e-04 -1.e-04 -5.e-05
  0.e+00]|,|[ 1.5e-04 -5.0e-05  0.0e+00  0.0e+00 -1.0e-04 -5.0e-05 -5.0e-05  0.0e+00
  5.0e-05 -5.0e-05]|,|[-5.e-05  5.e-05  1.e-04 -1.e-04  0.e+00 -5.e-05 -1.e-04 -5.e-05  5.e-05
 -5.e-05]|,|[-1.0e-04  1.0e-04 -1.5e-04  1.0e-04  0.0e+00 -5.0e-05  0.0e+00  5.0e-05
 -1.0e-04  0.0e+00]|,|[-1.e-04 -5.e-05 -1.e-04  5.e-05 -5.e-05  5.e-05 -1.e-04 -5.e-05 -5.e-05
 -5.e-05]|,|[ 0.e+00 -1.e-04 -1.e-04  0.e+00 -5.e-05  5.e-05 -1.e-04 -5.e-05  1.e-04
 -5.e-05]|,|[ 1.0e-04 -1.5e-04  0.0e+00  0.0e+00 -1.0e-04  5.0e-05 -5.0e-05 -1.0e-04
 -5.0e-05 -2.6e-04]|,|[-5.e-05 -5.e-05 -5.e-05  0.e+00 -1.e-04  1.e-04  0.e+00 -5.e-05 -5.e-05
 -5.e-05]|,|[-5.e-05  5.e-05  0.e+00 -5.e-05 -5.e-05  5.e-05 -5.e-05  0.e+00  5.e-05
  5.e-05]|,|[ 5.0e-05  1.0e-04  0.0e+00 -1.5e-04  0.0e+00  5.0e-05 -5.0e-05  5.0e-05
  5.0e-05  0.0e+00]|,|[-5.0e-05 -1.0e-04  5.0e-05  0.0e+00  0.0e+00  0.0e+00 -1.5e-04  0.0e+00
  5.0e-05 -5.0e-05]|,|[ 0.e+00  1.e-04  0.e+00 -1.e-04  0.e+00  0.e+00 -1.e-04  0.e+00 -5.e-05
 -5.e-05]|,|[-5.0e-05 -5.0e-05  0.0e+00 -1.0e-04  0.0e+00 -5.0e-05 -1.5e-04 -1.0e-04
  5.0e-05  0.0e+00]|,|[-1.5e-04 -5.0e-05  0.0e+00 -1.5e-04  5.0e-05  5.0e-05 -5.0e-05  0.0e+00
 -5.0e-05 -5.0e-05]|,|[ 5.e-05 -5.e-05 -5.e-05 -1.e-04  0.e+00  0.e+00  0.e+00  1.e-04  0.e+00
 -5.e-05]|,|[ 5.0e-05 -1.5e-04 -5.0e-05 -5.0e-05  0.0e+00 -1.0e-04 -5.0e-05  5.0e-05
 -5.0e-05  0.0e+00]|,|[-5.e-05 -5.e-05  0.e+00 -1.e-04 -5.e-05  0.e+00  0.e+00 -1.e-04 -5.e-05
 -1.e-04]|,|[-5.0e-05  0.0e+00  0.0e+00  0.0e+00  0.0e+00 -5.0e-05  0.0e+00 -5.0e-05
  0.0e+00 -1.5e-04]|,|[-5.e-05  0.e+00 -5.e-05 -1.e-04  5.e-05 -1.e-04  0.e+00  0.e+00  0.e+00
 -5.e-05]|,|[ 0.e+00 -1.e-04 -1.e-04  5.e-05 -1.e-04  5.e-05 -1.e-04 -5.e-05 -5.e-05
 -5.e-05]|,|[-1.e-04 -5.e-05  0.e+00  0.e+00  0.e+00 -1.e-04  0.e+00  0.e+00 -1.e-04
 -5.e-05]|,|[-1.5e-04 -5.0e-05 -1.0e-04  0.0e+00  0.0e+00  0.0e+00 -5.0e-05 -1.0e-04
 -5.0e-05  0.0e+00]|,|[ 0.0e+00  0.0e+00 -5.0e-05 -1.0e-04 -5.0e-05 -2.6e-04  5.0e-05 -5.0e-05
 -5.0e-05 -5.0e-05]|,|[-5.0e-05 -5.0e-05 -5.0e-05 -1.5e-04 -1.0e-04  0.0e+00 -1.0e-04 -5.0e-05
  0.0e+00  0.0e+00]|,|[-1.5e-04 -1.5e-04 -5.0e-05 -5.0e-05  0.0e+00  5.0e-05 -5.0e-05 -2.6e-04
  0.0e+00  5.0e-05]|,|[-1.0e-04  0.0e+00  0.0e+00 -1.0e-04  5.0e-05  1.5e-04  1.0e-04  0.0e+00
 -1.0e-04 -5.0e-05]|,|[ 0.0e+00 -5.0e-05 -1.5e-04 -5.0e-05 -5.0e-05  0.0e+00 -5.0e-05  0.0e+00
  0.0e+00  5.0e-05]|,|[ 3.1e-04  0.0e+00 -5.0e-05 -5.0e-05  0.0e+00  0.0e+00  0.0e+00  0.0e+00
  0.0e+00 -5.0e-05]|,|[ 0.e+00 -5.e-05 -1.e-04  0.e+00 -5.e-05  0.e+00 -5.e-05  0.e+00  0.e+00
 -1.e-04]|,|[-5.e-05 -5.e-05 -1.e-04  0.e+00 -5.e-05  0.e+00 -5.e-05 -5.e-05 -1.e-04
 -5.e-05]|,|[-5.0e-05  0.0e+00  5.0e-05 -2.6e-04 -5.0e-05 -1.5e-04  0.0e+00  5.0e-05
  0.0e+00 -5.0e-05]|,|[-5.e-05  0.e+00  0.e+00 -5.e-05  0.e+00  0.e+00 -1.e-04  0.e+00  0.e+00
  0.e+00]|,|[ 5.e-05  5.e-05 -1.e-04 -1.e-04 -5.e-05 -5.e-05 -5.e-05  1.e-04  0.e+00
 -5.e-05]|,|[-5.0e-05  0.0e+00 -1.0e-04  5.0e-05 -1.5e-04  0.0e+00 -5.0e-05  0.0e+00
  0.0e+00  0.0e+00]|,|[ 2.1e-04  5.0e-05 -1.0e-04  0.0e+00  0.0e+00  0.0e+00  0.0e+00  0.0e+00
 -5.0e-05  0.0e+00]|,|[ 5.e-05  5.e-05  5.e-05  0.e+00 -5.e-05 -5.e-05 -1.e-04 -5.e-05 -5.e-05
  0.e+00]|,|[-5.e-05 -1.e-04 -5.e-05  0.e+00  0.e+00  0.e+00 -5.e-05 -1.e-04 -5.e-05
 -5.e-05]|,|[ 0.e+00 -1.e-04 -1.e-04  5.e-05  0.e+00 -5.e-05  0.e+00 -1.e-04  5.e-05
 -5.e-05]|,|[-1.5e-04 -5.0e-05  0.0e+00  5.0e-05  0.0e+00  5.0e-05 -5.0e-05  5.0e-05
 -5.0e-05 -1.0e-04]|,|[-1.e-04 -5.e-05  5.e-05 -5.e-05 -5.e-05  0.e+00 -5.e-05 -1.e-04 -5.e-05
 -5.e-05]|,|[-5.0e-05 -1.0e-04  5.0e-05  0.0e+00  0.0e+00  0.0e+00 -5.0e-05 -1.5e-04
  0.0e+00  5.0e-05]|,|[ 5.0e-05 -5.0e-05 -5.0e-05  1.0e-04 -5.0e-05  5.0e-05  5.0e-05 -2.1e-04
 -5.0e-05  0.0e+00]|,|[ 0.e+00  5.e-05 -1.e-04 -5.e-05  0.e+00  0.e+00  1.e-04  5.e-05 -5.e-05
 -5.e-05]|,|[-5.e-05  0.e+00  5.e-05 -5.e-05  5.e-05 -1.e-04  0.e+00  0.e+00  0.e+00
  0.e+00]|,|[ 0.e+00  1.e-04  5.e-05  0.e+00 -5.e-05 -1.e-04  1.e-04  0.e+00  0.e+00
  0.e+00]|,|[ 5.0e-05  0.0e+00 -5.0e-05  1.0e-04  0.0e+00  0.0e+00 -1.5e-04  0.0e+00
  0.0e+00  0.0e+00]|,|[ 0.0e+00  0.0e+00 -5.0e-05  1.5e-04  5.0e-05 -1.5e-04  5.0e-05  5.0e-05
  0.0e+00  5.0e-05]|,|[ 5.e-05  0.e+00 -5.e-05  5.e-05  0.e+00 -5.e-05  5.e-05  1.e-04  5.e-05
  0.e+00]|,|[ 5.0e-05 -1.5e-04  0.0e+00  1.5e-04  5.0e-05  0.0e+00  0.0e+00 -5.0e-05
  1.0e-04  1.0e-04]|,|[ 1.5e-04  5.0e-05 -1.0e-04  5.0e-05 -5.0e-05 -5.0e-05 -5.0e-05  0.0e+00
 -5.0e-05  0.0e+00]|,|[ 0.e+00  5.e-05  5.e-05  0.e+00  1.e-04 -5.e-05  0.e+00 -1.e-04 -5.e-05
  0.e+00]|,[5.e-05 1.e-04 0.e+00 0.e+00 0.e+00 0.e+00 5.e-05 0.e+00 1.e-04 5.e-05],|[ 0.0e+00  0.0e+00  5.0e-05  1.0e-04  5.0e-05  5.0e-05  0.0e+00  1.0e-04
 -1.5e-04  0.0e+00]|,|[ 1.e-04  0.e+00  0.e+00  5.e-05  5.e-05  5.e-05  1.e-04  5.e-05 -5.e-05
  5.e-05]|,[5.e-05 0.e+00 1.e-04 0.e+00 1.e-04 1.e-04 0.e+00 1.e-04 1.e-04 5.e-05],|[1.0e-04 0.0e+00 5.0e-05 1.5e-04 1.0e-04 1.0e-04 5.0e-05 5.0e-05 1.0e-04
 1.0e-04]|,|[1.0e-04 1.0e-04 1.0e-04 0.0e+00 2.1e-04 5.0e-05 1.0e-04 5.0e-05 5.0e-05
 1.0e-04]|,[5.e-05 5.e-05 5.e-05 0.e+00 1.e-04 5.e-05 1.e-04 5.e-05 1.e-04 5.e-05],|[5.0e-05 0.0e+00 1.5e-04 5.0e-05 1.0e-04 5.0e-05 1.0e-04 0.0e+00 5.0e-05
 5.0e-05]|,|[ 5.e-05  5.e-05 -5.e-05  1.e-04  0.e+00  5.e-05 -5.e-05  5.e-05  5.e-05
  1.e-04]|,|[0.0e+00 1.0e-04 1.0e-04 1.5e-04 5.0e-05 5.0e-05 1.0e-04 0.0e+00 1.5e-04
 1.0e-04]|,|[1.5e-04 1.0e-04 5.0e-05 5.0e-05 1.0e-04 5.0e-05 2.1e-04 5.0e-05 5.0e-05
 1.0e-04]|,|[5.0e-05 1.0e-04 1.5e-04 5.0e-05 1.0e-04 2.1e-04 5.0e-05 1.0e-04 1.0e-04
 1.0e-04]|,|[1.0e-04 1.0e-04 1.5e-04 5.0e-05 2.1e-04 5.0e-05 1.0e-04 1.5e-04 1.0e-04
 1.5e-04]|,|[0.0e+00 5.0e-05 1.0e-04 1.0e-04 1.0e-04 1.5e-04 5.0e-05 1.0e-04 5.0e-05
 5.0e-05]|,|[1.0e-04 1.0e-04 5.0e-05 5.0e-05 1.5e-04 5.0e-05 1.5e-04 1.0e-04 1.0e-04
 1.0e-04]|,|[ 1.0e-04  2.1e-04  2.1e-04  5.0e-05  1.0e-04  1.5e-04 -5.0e-05  1.5e-04
  1.0e-04  0.0e+00]|,|[1.5e-04 5.0e-05 1.5e-04 2.1e-04 5.0e-05 1.0e-04 1.5e-04 0.0e+00 5.0e-05
 5.0e-05]|,|[5.0e-05 5.0e-05 1.5e-04 5.0e-05 1.5e-04 1.5e-04 5.0e-05 5.0e-05 1.5e-04
 1.0e-04]|,|[1.5e-04 5.0e-05 5.0e-05 2.1e-04 1.5e-04 1.0e-04 1.5e-04 1.5e-04 1.0e-04
 5.0e-05]|,|[1.0e-04 1.0e-04 1.5e-04 1.5e-04 1.5e-04 5.0e-05 1.5e-04 1.0e-04 1.0e-04
 1.0e-04]|,|[2.1e-04 2.1e-04 1.0e-04 1.5e-04 1.5e-04 1.0e-04 1.0e-04 1.5e-04 2.6e-04
 5.0e-05]|,|[5.0e-05 1.0e-04 0.0e+00 1.0e-04 1.5e-04 1.0e-04 1.0e-04 1.0e-04 2.1e-04
 2.1e-04]|,|[1.5e-04 1.5e-04 1.0e-04 2.1e-04 5.0e-05 2.1e-04 2.1e-04 1.5e-04 1.5e-04
 1.0e-04]|,|[ 0.00021  0.00015  0.0001   0.00015  0.00021 -0.0001   0.00021  0.00021
  0.00015  0.00015]|,|[2.1e-04 1.5e-04 2.1e-04 1.0e-04 2.1e-04 1.5e-04 1.0e-04 1.5e-04 5.0e-05
 1.5e-04]|,|[5.0e-05 1.5e-04 2.1e-04 1.0e-04 2.1e-04 2.6e-04 2.1e-04 2.1e-04 1.5e-04
 5.0e-05]|,|[0.00021 0.00015 0.00021 0.00021 0.0001  0.00021 0.00021 0.00026 0.00036
 0.00021]|,|[1.5e-04 1.5e-04 2.1e-04 1.0e-04 2.6e-04 1.0e-04 1.0e-04 1.5e-04 2.1e-04
 5.0e-05]|,|[1.5e-04 5.0e-05 1.0e-04 1.5e-04 2.1e-04 3.1e-04 1.0e-04 1.5e-04 2.6e-04
 2.1e-04]|,|[0.00015 0.00026 0.00021 0.00031 0.00021 0.00021 0.00026 0.00026 0.00026
 0.0001 ]|,|[0.00026 0.00015 0.00015 0.00015 0.00021 0.00015 0.00026 0.00015 0.00021
 0.00021]|,|[0.00021 0.00026 0.00021 0.00031 0.00026 0.00015 0.00021 0.00026 0.00021
 0.00026]|,|[0.00021 0.0001  0.00015 0.00021 0.00026 0.00015 0.0001  0.00015 0.00015
 0.00021]|,|[0.0001  0.00021 0.00021 0.00026 0.0001  0.00021 0.00026 0.00026 0.00026
 0.00031]|,|[0.0001  0.00026 0.00015 0.00021 0.00036 0.00015 0.00015 0.00015 0.00015
 0.00015]|,|[0.00026 0.00015 0.00021 0.00015 0.00021 0.00021 0.00026 0.00021 0.0001
 0.00026]|,|[0.00021 0.00015 0.00031 0.00026 0.00031 0.00015 0.00015 0.00026 0.00021
 0.00026]|,|[0.00026 0.00026 0.00026 0.00031 0.00026 0.00015 0.00031 0.00015 0.00036
 0.00026]|,|[0.00021 0.00015 0.00031 0.00026 0.00026 0.00021 0.00026 0.00015 0.00026
 0.00026]|,|[0.00021 0.00031 0.00031 0.00026 0.00031 0.00026 0.00026 0.00021 0.00026
 0.00026]|,|[0.00026 0.00026 0.00021 0.00031 0.00026 0.00026 0.00031 0.00026 0.00021
 0.00026]|,|[0.00021 0.00036 0.00026 0.00026 0.00026 0.00021 0.00031 0.00021 0.00031
 0.00036]|,|[0.00021 0.00026 0.00021 0.00031 0.00026 0.00026 0.00026 0.00021 0.00021
 0.00031]|,|[0.00036 0.00036 0.00021 0.00026 0.00021 0.00021 0.00026 0.00031 0.00031
 0.00026]|,|[0.00031 0.00026 0.00026 0.00031 0.00031 0.00031 0.00031 0.00036 0.00026
 0.00031]|,|[0.00031 0.00026 0.00031 0.00031 0.00031 0.00026 0.00031 0.00031 0.00026
 0.00031]|,|[0.00026 0.00036 0.00036 0.00031 0.00031 0.00036 0.00026 0.00021 0.00031
 0.00031]|,|[0.00036 0.00036 0.00031 0.00031 0.00031 0.00026 0.00036 0.00041 0.00036
 0.00026]|,|[0.00036 0.00041 0.00036 0.00026 0.00036 0.00026 0.00046 0.00031 0.00036
 0.00036]|,|[0.00031 0.00031 0.00036 0.00041 0.00015 0.00026 0.00031 0.00031 0.00031
 0.00041]|,|[0.00036 0.00036 0.00041 0.00036 0.00031 0.00046 0.00026 0.00036 0.00041
 0.00031]|,|[0.00036 0.00026 0.00031 0.00036 0.00031 0.00046 0.00036 0.00051 0.00046
 0.00036]|,|[0.00041 0.00046 0.00036 0.00031 0.00041 0.00041 0.00036 0.00041 0.00041
 0.00041]|,|[0.00041 0.00036 0.00026 0.00041 0.00031 0.00031 0.00041 0.00036 0.00031
 0.00036]|,|[0.00046 0.00041 0.00036 0.00051 0.00036 0.00031 0.00046 0.00041 0.00036
 0.00041]|,|[0.00041 0.00031 0.00041 0.00046 0.00041 0.00046 0.00036 0.00026 0.00046
 0.00046]|,|[0.00051 0.00041 0.00036 0.00051 0.00041 0.00041 0.00046 0.00057 0.00046
 0.00041]|,|[0.00036 0.00046 0.00041 0.00036 0.00046 0.00051 0.00036 0.00051 0.00046
 0.00041]|,|[0.00041 0.00051 0.00046 0.00041 0.00041 0.00046 0.00046 0.00041 0.00036
 0.00046]|,|[0.00057 0.00051 0.00046 0.00041 0.00046 0.00041 0.00062 0.00057 0.00041
 0.00051]|,|[0.00041 0.00051 0.00051 0.00036 0.00051 0.00057 0.00051 0.00046 0.00051
 0.00046]|,|[0.00041 0.00041 0.00051 0.00046 0.00057 0.00046 0.00036 0.00041 0.00046
 0.00057]|,|[0.00051 0.00051 0.00051 0.00041 0.00051 0.00062 0.00057 0.00041 0.00046
 0.00046]|,|[0.00051 0.00051 0.00046 0.00051 0.00057 0.00051 0.00057 0.00057 0.00062
 0.00057]|,|[0.00057 0.00057 0.00051 0.00051 0.00051 0.00041 0.00051 0.00057 0.00051
 0.00057]|,|[0.00046 0.00046 0.00051 0.00051 0.00051 0.00062 0.00057 0.00067 0.00046
 0.00046]|,|[0.00062 0.00046 0.00057 0.00062 0.00062 0.00057 0.00051 0.00062 0.00051
 0.00046]|,|[0.00057 0.00062 0.00051 0.00072 0.00051 0.00057 0.00062 0.00057 0.00051
 0.00062]|,|[0.00062 0.00067 0.00051 0.00057 0.00057 0.00062 0.00062 0.00067 0.00072
 0.00051]|,|[0.00051 0.00062 0.00072 0.00062 0.00062 0.00051 0.00062 0.00062 0.00077
 0.00062]|,|[0.00072 0.00062 0.00057 0.00057 0.00067 0.00057 0.00067 0.00067 0.00067
 0.00057]|,|[0.00062 0.00072 0.00072 0.00062 0.00072 0.00072 0.00051 0.00072 0.00062
 0.00082]|,|[0.00067 0.00067 0.00072 0.00067 0.00072 0.00072 0.00062 0.00062 0.00062
 0.00072]|,|[0.00072 0.00067 0.00072 0.00072 0.00077 0.00072 0.00067 0.00067 0.00062
 0.00072]|,|[0.00072 0.00077 0.00077 0.00077 0.00062 0.00067 0.00077 0.00067 0.00067
 0.00082]|,|[0.00072 0.00077 0.00082 0.00067 0.00082 0.00067 0.00072 0.00077 0.00072
 0.00077]|,|[0.00077 0.00077 0.00072 0.00062 0.00072 0.00082 0.00077 0.00082 0.00077
 0.00082]|,|[0.00082 0.00077 0.00077 0.00077 0.00067 0.00082 0.00077 0.00082 0.00082
 0.00082]|,|[0.00087 0.00082 0.00077 0.00087 0.00077 0.00082 0.00087 0.00077 0.00077
 0.00082]|,|[0.00082 0.00082 0.00077 0.00103 0.00077 0.00082 0.00087 0.00082 0.00077
 0.00082]|,|[0.00087 0.00098 0.00087 0.00082 0.00082 0.00082 0.00093 0.00082 0.00077
 0.00087]|,|[0.00087 0.00077 0.00087 0.00087 0.00093 0.00093 0.00087 0.00082 0.00082
 0.00093]|,|[0.00087 0.00087 0.00093 0.00103 0.00093 0.00087 0.00087 0.00087 0.00093
 0.00082]|,|[0.00087 0.00103 0.00093 0.00087 0.00093 0.00093 0.00087 0.00077 0.00093
 0.00098]|,|[0.00093 0.00093 0.00093 0.00108 0.00072 0.00098 0.00103 0.00098 0.00103
 0.00103]|,|[0.00098 0.00103 0.00098 0.00103 0.00098 0.00103 0.00103 0.00108 0.00103
 0.00113]|,|[0.00108 0.00098 0.00087 0.00113 0.00108 0.00103 0.00103 0.00103 0.00098
 0.00103]|,|[0.00113 0.00098 0.00103 0.00103 0.00108 0.00108 0.00108 0.00103 0.00098
 0.00098]|,|[0.00108 0.00098 0.00108 0.00093 0.00113 0.00108 0.00108 0.00103 0.00103
 0.00103]|,|[0.00108 0.00108 0.00108 0.00118 0.00108 0.00113 0.00103 0.00113 0.00108
 0.00113]|,|[0.00118 0.00108 0.00113 0.00113 0.00103 0.00118 0.00113 0.00113 0.00108
 0.00113]|,|[0.00118 0.00124 0.00118 0.00118 0.00124 0.00129 0.00118 0.00118 0.00113
 0.00108]|,|[0.00118 0.00124 0.00118 0.00118 0.00129 0.00118 0.00113 0.00118 0.00124
 0.00118]|,|[0.00134 0.00129 0.00118 0.00113 0.00118 0.00129 0.00134 0.00118 0.00129
 0.00129]|,|[0.00129 0.00129 0.00139 0.00134 0.00139 0.00118 0.00129 0.00124 0.00129
 0.00118]|,|[0.00134 0.00124 0.00118 0.00139 0.00134 0.00134 0.00134 0.00134 0.00129
 0.00129]|,|[0.00144 0.00134 0.00139 0.00129 0.00139 0.00129 0.00134 0.00139 0.00154
 0.00124]|,|[0.00134 0.00139 0.00144 0.00139 0.00139 0.00139 0.00139 0.00139 0.00134
 0.00134]|,|[0.00139 0.00139 0.00144 0.00134 0.00149 0.00144 0.00144 0.00149 0.00149
 0.00149]|,|[0.00144 0.00154 0.00149 0.00144 0.00154 0.00149 0.00149 0.00139 0.00144
 0.00129]|,|[0.00154 0.00149 0.00149 0.00144 0.00154 0.00144 0.00139 0.0016  0.00149
 0.00139]|,|[0.0016  0.00154 0.00149 0.0016  0.0016  0.00149 0.0016  0.0016  0.0016
 0.00154]|,|[0.00154 0.0017  0.00154 0.00154 0.0016  0.00165 0.00165 0.00154 0.00149
 0.0016 ]|,|[0.00165 0.0016  0.0016  0.00154 0.0016  0.0017  0.0016  0.00175 0.0016
 0.00165]|,|[0.0017  0.00165 0.0018  0.0017  0.00165 0.00175 0.00175 0.00175 0.00165
 0.0016 ]|,|[0.00175 0.00175 0.0018  0.00175 0.00185 0.0018  0.00175 0.0018  0.0018
 0.00175]|,|[0.0018  0.0017  0.00175 0.00185 0.0017  0.00185 0.0018  0.0018  0.00185
 0.0018 ]|,|[0.00175 0.00175 0.00196 0.0018  0.00185 0.00175 0.0018  0.00185 0.0018
 0.0019 ]|,|[0.0018  0.00185 0.00185 0.00185 0.0019  0.00196 0.00185 0.00185 0.00196
 0.00185]|,|[0.00196 0.0019  0.00201 0.00175 0.00211 0.0019  0.0019  0.00196 0.00201
 0.0019 ]|,|[0.00201 0.0019  0.00206 0.00206 0.00201 0.00196 0.00201 0.00196 0.00196
 0.0019 ]|,|[0.00206 0.00206 0.00196 0.00206 0.00201 0.00211 0.00201 0.00206 0.0019
 0.00216]|,|[0.00201 0.00216 0.00216 0.00201 0.00216 0.00211 0.00206 0.00221 0.00216
 0.00221]|,|[0.00216 0.00226 0.00226 0.00211 0.00221 0.00211 0.00221 0.00216 0.00216
 0.00216]|,|[0.00211 0.00221 0.00237 0.00237 0.00221 0.00211 0.00226 0.00221 0.00221
 0.00226]|,|[0.00232 0.00232 0.00221 0.00221 0.00232 0.00216 0.00226 0.00221 0.00221
 0.00232]|,|[0.00237 0.00237 0.00232 0.00226 0.00237 0.00237 0.00237 0.00232 0.00232
 0.00226]|,|[0.00252 0.00242 0.00232 0.00237 0.00237 0.00237 0.00232 0.00237 0.00237
 0.00252]|,|[0.00242 0.00252 0.00216 0.00252 0.00247 0.00242 0.00257 0.00237 0.00247
 0.00242]|,|[0.00252 0.00257 0.00252 0.00252 0.00242 0.00252 0.00252 0.00247 0.00257
 0.00262]|,|[0.00262 0.00252 0.00252 0.00257 0.00252 0.00257 0.00268 0.00257 0.00257
 0.00262]|,|[0.00268 0.00262 0.00262 0.00262 0.00262 0.00262 0.00262 0.00257 0.00268
 0.00268]|,|[0.00273 0.00268 0.00262 0.00273 0.00262 0.00252 0.00278 0.00273 0.00268
 0.00262]|,|[0.00273 0.00273 0.00288 0.00278 0.00278 0.00278 0.00273 0.00273 0.00273
 0.00283]|,|[0.00278 0.00278 0.00288 0.00283 0.00283 0.00283 0.00278 0.00283 0.00288
 0.00278]|,|[0.00288 0.00293 0.00283 0.00293 0.00293 0.00293 0.00288 0.00288 0.00278
 0.00293]|,|[0.00288 0.00298 0.00293 0.00298 0.00293 0.00293 0.00293 0.00309 0.00298
 0.00288]|,|[0.00298 0.00309 0.00309 0.00309 0.00304 0.00309 0.00298 0.00304 0.00304
 0.00304]|,|[0.00314 0.00314 0.00319 0.00304 0.00324 0.00304 0.00309 0.00304 0.00319
 0.00314]|,|[0.00319 0.00319 0.00314 0.00309 0.00309 0.00314 0.00324 0.00324 0.00324
 0.00324]|,|[0.00329 0.00329 0.00319 0.00329 0.00319 0.00324 0.00335 0.00324 0.00335
 0.00309]|,|[0.0034  0.00335 0.00329 0.0034  0.00335 0.00329 0.00329 0.00329 0.00335
 0.00335]|,|[0.0034  0.0035  0.00335 0.0034  0.0034  0.0034  0.0035  0.00345 0.0034
 0.00329]|,|[0.00335 0.00355 0.00355 0.00355 0.0035  0.0035  0.00345 0.00345 0.0036
 0.00345]|,|[0.0036  0.0036  0.00355 0.00355 0.0035  0.0036  0.0036  0.00365 0.0035
 0.0036 ]|,|[0.00365 0.00365 0.0036  0.00365 0.0036  0.00371 0.00371 0.00365 0.0036
 0.0036 ]|,|[0.00371 0.00371 0.00365 0.00371 0.00376 0.00365 0.00365 0.00386 0.00371
 0.00371]|,|[0.00371 0.00386 0.00386 0.00391 0.00376 0.00371 0.00381 0.00376 0.00381
 0.00386]|,|[0.00396 0.00391 0.00391 0.00391 0.00396 0.00401 0.00391 0.00371 0.00391
 0.00391]|,|[0.00407 0.00396 0.00381 0.00407 0.00386 0.00401 0.00407 0.00396 0.00396
 0.00391]|,|[0.00412 0.00407 0.00407 0.00412 0.00412 0.00396 0.00412 0.00412 0.00401
 0.00407]|,|[0.00407 0.00407 0.00407 0.00412 0.00432 0.00417 0.00412 0.00407 0.00427
 0.00422]|,|[0.00427 0.00427 0.00417 0.00427 0.00427 0.00427 0.00427 0.00422 0.00422
 0.00417]|,|[0.00427 0.00432 0.00437 0.00427 0.00432 0.00432 0.00432 0.00427 0.00427
 0.00443]|,|[0.00443 0.00437 0.00443 0.00443 0.00437 0.00437 0.00437 0.00432 0.00432
 0.00448]|,|[0.00448 0.00443 0.00437 0.00453 0.00448 0.00448 0.00458 0.00443 0.00453
 0.00448]|,|[0.00458 0.00453 0.00463 0.00463 0.00453 0.00468 0.00458 0.00453 0.00458
 0.00443]|,|[0.00484 0.00468 0.00463 0.00473 0.00479 0.00458 0.00432 0.00463 0.00468
 0.00479]|,|[0.00473 0.00484 0.00437 0.00484 0.00484 0.00484 0.00468 0.00479 0.00468
 0.00473]|,|[0.00479 0.00494 0.00484 0.00494 0.00499 0.00479 0.00494 0.00494 0.00489
 0.00489]|,|[0.0052  0.00499 0.00473 0.00504 0.00494 0.00489 0.00504 0.00494 0.00504
 0.00504]|,|[0.00515 0.0051  0.0052  0.00515 0.0051  0.00515 0.00504 0.00504 0.00499
 0.0051 ]|,|[0.0052  0.0051  0.00525 0.0051  0.0052  0.0052  0.0052  0.00515 0.00504
 0.00515]|,|[0.0053  0.00525 0.0053  0.0052  0.00535 0.00525 0.0053  0.00535 0.0053
 0.0053 ]|,|[0.0054  0.00535 0.0054  0.0054  0.00535 0.00546 0.0054  0.0053  0.0053
 0.00551]|,|[0.00546 0.0054  0.0053  0.00546 0.00551 0.00551 0.00561 0.00551 0.00546
 0.00556]|,|[0.00561 0.00566 0.00561 0.00566 0.00561 0.00561 0.00561 0.00551 0.00556
 0.00566]|,|[0.00582 0.00587 0.00576 0.00576 0.00576 0.00571 0.00576 0.00587 0.00582
 0.00576]|,|[0.00587 0.00592 0.00597 0.00576 0.00592 0.00582 0.00592 0.00576 0.00582
 0.00587]|,|[0.00597 0.00602 0.00592 0.00602 0.00602 0.00597 0.00602 0.00602 0.00587
 0.00597]|,|[0.00607 0.00607 0.00612 0.00612 0.00618 0.00597 0.00612 0.00618 0.00618
 0.00597]|,|[0.00623 0.00628 0.00618 0.00618 0.00618 0.00623 0.00633 0.00623 0.00633
 0.00623]|,|[0.00623 0.00643 0.00628 0.00633 0.00643 0.00628 0.00628 0.00638 0.00638
 0.00648]|,|[0.00648 0.00648 0.00643 0.00648 0.00648 0.00643 0.00643 0.00648 0.00638
 0.00654]|,|[0.00654 0.00669 0.00659 0.00654 0.00669 0.00669 0.00654 0.00659 0.00664
 0.00654]|,|[0.00679 0.00674 0.00664 0.00664 0.00674 0.00679 0.00679 0.00674 0.00669
 0.00674]|,|[0.007   0.00684 0.00684 0.00695 0.00679 0.0069  0.00695 0.00679 0.00679
 0.00679]|,|[0.00695 0.0069  0.007   0.007   0.00695 0.007   0.00695 0.00695 0.00705
 0.007  ]|,|[0.00705 0.007   0.00705 0.00715 0.0071  0.00726 0.00705 0.0071  0.0071
 0.0071 ]|,|[0.00736 0.00726 0.00726 0.00731 0.00726 0.00736 0.00731 0.00721 0.00726
 0.00726]|,|[0.00751 0.00746 0.00736 0.00741 0.00751 0.00741 0.00741 0.00751 0.00741
 0.00741]|,|[0.00757 0.00757 0.00751 0.00762 0.00751 0.00751 0.00757 0.00751 0.00762
 0.00746]|,|[0.00767 0.00772 0.00782 0.00772 0.00772 0.00767 0.00762 0.00767 0.00772
 0.00772]|,|[0.00787 0.00782 0.00772 0.00772 0.00772 0.00787 0.00782 0.00787 0.00772
 0.00793]|,|[0.00793 0.00798 0.00803 0.00798 0.00813 0.00808 0.00808 0.00798 0.00803
 0.00782]|,|[0.00818 0.00813 0.00808 0.00823 0.00808 0.00803 0.00818 0.00829 0.00813
 0.00823]|,|[0.00813 0.00829 0.00829 0.00823 0.00823 0.00834 0.00829 0.00823 0.00823
 0.00829]|,|[0.00829 0.00854 0.00844 0.00844 0.00839 0.00839 0.00844 0.00849 0.00849
 0.00839]|,|[0.0087  0.00859 0.00849 0.00875 0.00859 0.00859 0.00865 0.00849 0.00859
 0.00854]|,|[0.00885 0.0087  0.00875 0.00875 0.00875 0.00875 0.0087  0.00875 0.0088
 0.00875]|,|[0.0089  0.00885 0.0088  0.0089  0.00885 0.00885 0.0089  0.00895 0.0089
 0.00901]|,|[0.00911 0.00916 0.00906 0.00906 0.00895 0.00906 0.00901 0.00895 0.00911
 0.00906]|,|[0.00906 0.00921 0.00921 0.00932 0.00916 0.00932 0.00932 0.00916 0.00926
 0.00916]|,|[0.00937 0.00947 0.00937 0.00942 0.00942 0.00942 0.00942 0.00947 0.00942
 0.00952]|,|[0.00962 0.00952 0.00952 0.00968 0.00973 0.00957 0.00952 0.00962 0.00952
 0.00947]|,|[0.00973 0.00978 0.00968 0.00973 0.00962 0.00988 0.00973 0.00973 0.00983
 0.00983]|,|[0.00983 0.00993 0.00998 0.00988 0.00988 0.00998 0.00978 0.00983 0.00983
 0.00978]|,|[0.01004 0.01004 0.01004 0.01004 0.00998 0.01004 0.01014 0.01009 0.01014
 0.01019]|,|[0.01024 0.01034 0.01029 0.01024 0.01029 0.01034 0.01029 0.01034 0.01029
 0.01009]|,|[0.01045 0.0105  0.0104  0.0105  0.0105  0.01045 0.0105  0.01034 0.0105
 0.01045]|,|[0.0106  0.0106  0.0106  0.01055 0.01065 0.01065 0.01055 0.01055 0.01065
 0.01055]|,|[0.01081 0.01086 0.01076 0.01086 0.01076 0.01086 0.01055 0.01081 0.01091
 0.01076]|,|[0.01096 0.01107 0.01081 0.01101 0.01101 0.01107 0.01096 0.01107 0.01096
 0.01101]|,|[0.01122 0.01122 0.01117 0.01112 0.01112 0.01112 0.01107 0.01117 0.01122
 0.01117]|,|[0.01132 0.01137 0.01117 0.01137 0.01132 0.01137 0.01137 0.01132 0.01127
 0.01143]|,|[0.01158 0.01163 0.01153 0.01168 0.01158 0.01158 0.01148 0.01143 0.01158
 0.01158]|,|[0.01184 0.01173 0.01173 0.01179 0.01184 0.01179 0.01184 0.01179 0.01173
 0.01179]|,|[0.01204 0.01199 0.01194 0.01204 0.01199 0.01189 0.01209 0.01189 0.01194
 0.01194]|,|[0.01225 0.0122  0.01235 0.0122  0.01225 0.01209 0.01209 0.0122  0.01215
 0.0122 ]|,|[0.01245 0.01245 0.01245 0.01245 0.01245 0.0123  0.0123  0.0124  0.0124
 0.0124 ]|,|[0.01261 0.01266 0.01276 0.01261 0.01271 0.01261 0.01266 0.01276 0.01251
 0.01276]|,|[0.01281 0.01271 0.01281 0.01276 0.01287 0.01281 0.01266 0.01276 0.01281
 0.01266]|,|[0.01302 0.01307 0.01297 0.01307 0.01307 0.01297 0.01307 0.01307 0.01292
 0.01292]|,|[0.01328 0.01333 0.01328 0.01318 0.01323 0.01328 0.01318 0.01333 0.01328
 0.01323]|,|[0.01343 0.01338 0.01343 0.01348 0.01348 0.01343 0.01343 0.01354 0.01338
 0.01348]|
